track_id,pair_id,s3_url,http_url,is_parent,song_quantile
tracks/number_4-rmssm,all__number_4-rmssm,s3://lucas-audiotool-tracks/mp3/e7/5b/number_4-rmssm.e75bd363.mp3,https://lucas-audiotool-tracks.s3.amazonaws.com/mp3/e7/5b/number_4-rmssm.e75bd363.mp3,True,all tracks
tracks/max_track,all__max_track,s3://lucas-audiotool-tracks/mp3/5b/91/max_track.5b91e052.mp3,https://lucas-audiotool-tracks.s3.amazonaws.com/mp3/5b/91/max_track.5b91e052.mp3,True,all tracks
tracks/taio_cruz_-_dynamite,all__taio_cruz_-_dynamite,s3://lucas-audiotool-tracks/mp3/3d/d6/taio_cruz_-_dynamite.3dd65299.mp3,https://lucas-audiotool-tracks.s3.amazonaws.com/mp3/3d/d6/taio_cruz_-_dynamite.3dd65299.mp3,True,all tracks
tracks/o2l7gob9e,all__o2l7gob9e,s3://lucas-audiotool-tracks/mp3/3c/66/o2l7gob9e.3c661ebe.mp3,https://lucas-audiotool-tracks.s3.amazonaws.com/mp3/3c/66/o2l7gob9e.3c661ebe.mp3,True,all tracks
tracks/svhxaxo76hu,all__svhxaxo76hu,s3://lucas-audiotool-tracks/mp3/42/01/svhxaxo76hu.420148a5.mp3,https://lucas-audiotool-tracks.s3.amazonaws.com/mp3/42/01/svhxaxo76hu.420148a5.mp3,True,all tracks
tracks/hell_risen,all__hell_risen,s3://lucas-audiotool-tracks/mp3/e8/95/hell_risen.e895a117.mp3,https://lucas-audiotool-tracks.s3.amazonaws.com/mp3/e8/95/hell_risen.e895a117.mp3,True,all tracks
tracks/introhhd4_remix3,all__introhhd4_remix3,s3://lucas-audiotool-tracks/mp3/b1/52/introhhd4_remix3.b1522cb5.mp3,https://lucas-audiotool-tracks.s3.amazonaws.com/mp3/b1/52/introhhd4_remix3.b1522cb5.mp3,True,all tracks
tracks/b9rlhpzzd2,all__b9rlhpzzd2,s3://lucas-audiotool-tracks/mp3/c2/c9/b9rlhpzzd2.c2c9c6b5.mp3,https://lucas-audiotool-tracks.s3.amazonaws.com/mp3/c2/c9/b9rlhpzzd2.c2c9c6b5.mp3,True,all tracks
tracks/i41069j1ytx2,all__i41069j1ytx2,s3://lucas-audiotool-tracks/mp3/dc/56/i41069j1ytx2.dc5675fd.mp3,https://lucas-audiotool-tracks.s3.amazonaws.com/mp3/dc/56/i41069j1ytx2.dc5675fd.mp3,True,all tracks
tracks/breakfast_at_milliways,all__breakfast_at_milliways,s3://lucas-audiotool-tracks/mp3/7e/ab/breakfast_at_milliways.7eab33f0.mp3,https://lucas-audiotool-tracks.s3.amazonaws.com/mp3/7e/ab/breakfast_at_milliways.7eab33f0.mp3,True,all tracks
tracks/1atr4tubpn0,all__1atr4tubpn0,s3://lucas-audiotool-tracks/mp3/7b/d3/1atr4tubpn0.7bd39f23.mp3,https://lucas-audiotool-tracks.s3.amazonaws.com/mp3/7b/d3/1atr4tubpn0.7bd39f23.mp3,True,all tracks
tracks/extreme_power,all__extreme_power,s3://lucas-audiotool-tracks/mp3/31/48/extreme_power.3148f20a.mp3,https://lucas-audiotool-tracks.s3.amazonaws.com/mp3/31/48/extreme_power.3148f20a.mp3,True,all tracks
tracks/lwi7q9vyv,all__lwi7q9vyv,s3://lucas-audiotool-tracks/mp3/2b/18/lwi7q9vyv.2b181a25.mp3,https://lucas-audiotool-tracks.s3.amazonaws.com/mp3/2b/18/lwi7q9vyv.2b181a25.mp3,True,all tracks
tracks/vn9dz34r,all__vn9dz34r,s3://lucas-audiotool-tracks/mp3/7c/c1/vn9dz34r.7cc1ec6e.mp3,https://lucas-audiotool-tracks.s3.amazonaws.com/mp3/7c/c1/vn9dz34r.7cc1ec6e.mp3,True,all tracks
tracks/untitled-nbjw1,all__untitled-nbjw1,s3://lucas-audiotool-tracks/mp3/bf/76/untitled-nbjw1.bf76f8b1.mp3,https://lucas-audiotool-tracks.s3.amazonaws.com/mp3/bf/76/untitled-nbjw1.bf76f8b1.mp3,True,all tracks
tracks/hjds7q92,all__hjds7q92,s3://lucas-audiotool-tracks/mp3/ac/62/hjds7q92.ac62c9d2.mp3,https://lucas-audiotool-tracks.s3.amazonaws.com/mp3/ac/62/hjds7q92.ac62c9d2.mp3,True,all tracks
tracks/5wigif0fmj,all__5wigif0fmj,s3://lucas-audiotool-tracks/mp3/89/32/5wigif0fmj.89329017.mp3,https://lucas-audiotool-tracks.s3.amazonaws.com/mp3/89/32/5wigif0fmj.89329017.mp3,True,all tracks
tracks/x010av86p,all__x010av86p,s3://lucas-audiotool-tracks/mp3/d2/d0/x010av86p.d2d01c62.mp3,https://lucas-audiotool-tracks.s3.amazonaws.com/mp3/d2/d0/x010av86p.d2d01c62.mp3,True,all tracks
tracks/acid9-5fm05ax,all__acid9-5fm05ax,s3://lucas-audiotool-tracks/mp3/e5/39/acid9-5fm05ax.e5396a25.mp3,https://lucas-audiotool-tracks.s3.amazonaws.com/mp3/e5/39/acid9-5fm05ax.e5396a25.mp3,True,all tracks
tracks/fbgjw341,all__fbgjw341,s3://lucas-audiotool-tracks/mp3/56/40/fbgjw341.56402b14.mp3,https://lucas-audiotool-tracks.s3.amazonaws.com/mp3/56/40/fbgjw341.56402b14.mp3,True,all tracks
tracks/before_at,all__before_at,s3://lucas-audiotool-tracks/mp3/18/17/before_at.18177e3c.mp3,https://lucas-audiotool-tracks.s3.amazonaws.com/mp3/18/17/before_at.18177e3c.mp3,True,all tracks
tracks/nowhere_to_hide_2014,all__nowhere_to_hide_2014,s3://lucas-audiotool-tracks/mp3/f8/75/nowhere_to_hide_2014.f875e193.mp3,https://lucas-audiotool-tracks.s3.amazonaws.com/mp3/f8/75/nowhere_to_hide_2014.f875e193.mp3,True,all tracks
tracks/no1-3bxty,all__no1-3bxty,s3://lucas-audiotool-tracks/mp3/da/4d/no1-3bxty.da4ddc71.mp3,https://lucas-audiotool-tracks.s3.amazonaws.com/mp3/da/4d/no1-3bxty.da4ddc71.mp3,True,all tracks
tracks/s368ngoel8,all__s368ngoel8,s3://lucas-audiotool-tracks/mp3/5f/17/s368ngoel8.5f17df8f.mp3,https://lucas-audiotool-tracks.s3.amazonaws.com/mp3/5f/17/s368ngoel8.5f17df8f.mp3,True,all tracks
tracks/z5u0pby61xo,all__z5u0pby61xo,s3://lucas-audiotool-tracks/mp3/3d/aa/z5u0pby61xo.3daa3448.mp3,https://lucas-audiotool-tracks.s3.amazonaws.com/mp3/3d/aa/z5u0pby61xo.3daa3448.mp3,True,all tracks
tracks/boum,all__boum,s3://lucas-audiotool-tracks/mp3/3a/0a/boum.3a0a72b4.mp3,https://lucas-audiotool-tracks.s3.amazonaws.com/mp3/3a/0a/boum.3a0a72b4.mp3,True,all tracks
tracks/1dat3bilcid,all__1dat3bilcid,s3://lucas-audiotool-tracks/mp3/c8/f0/1dat3bilcid.c8f05c62.mp3,https://lucas-audiotool-tracks.s3.amazonaws.com/mp3/c8/f0/1dat3bilcid.c8f05c62.mp3,True,all tracks
tracks/shotsfired,all__shotsfired,s3://lucas-audiotool-tracks/mp3/af/8c/shotsfired.af8c0293.mp3,https://lucas-audiotool-tracks.s3.amazonaws.com/mp3/af/8c/shotsfired.af8c0293.mp3,True,all tracks
tracks/tuay91u9d8,all__tuay91u9d8,s3://lucas-audiotool-tracks/mp3/56/d7/tuay91u9d8.56d7b13b.mp3,https://lucas-audiotool-tracks.s3.amazonaws.com/mp3/56/d7/tuay91u9d8.56d7b13b.mp3,True,all tracks
tracks/p7wlrrkgbgy,all__p7wlrrkgbgy,s3://lucas-audiotool-tracks/mp3/83/53/p7wlrrkgbgy.8353f19d.mp3,https://lucas-audiotool-tracks.s3.amazonaws.com/mp3/83/53/p7wlrrkgbgy.8353f19d.mp3,True,all tracks
tracks/bodied,all__bodied,s3://lucas-audiotool-tracks/mp3/a3/18/bodied.a31804b3.mp3,https://lucas-audiotool-tracks.s3.amazonaws.com/mp3/a3/18/bodied.a31804b3.mp3,True,all tracks
tracks/rnbeat,all__rnbeat,s3://lucas-audiotool-tracks/mp3/40/38/rnbeat.4038558e.mp3,https://lucas-audiotool-tracks.s3.amazonaws.com/mp3/40/38/rnbeat.4038558e.mp3,True,all tracks
tracks/huofg5dnhwt4,all__huofg5dnhwt4,s3://lucas-audiotool-tracks/mp3/02/75/huofg5dnhwt4.0275387b.mp3,https://lucas-audiotool-tracks.s3.amazonaws.com/mp3/02/75/huofg5dnhwt4.0275387b.mp3,True,all tracks
tracks/j6f4181e,all__j6f4181e,s3://lucas-audiotool-tracks/mp3/c5/43/j6f4181e.c543770e.mp3,https://lucas-audiotool-tracks.s3.amazonaws.com/mp3/c5/43/j6f4181e.c543770e.mp3,True,all tracks
tracks/untitled-q3mixf2,all__untitled-q3mixf2,s3://lucas-audiotool-tracks/mp3/7c/34/untitled-q3mixf2.7c342b55.mp3,https://lucas-audiotool-tracks.s3.amazonaws.com/mp3/7c/34/untitled-q3mixf2.7c342b55.mp3,True,all tracks
tracks/8vqhw47vp,all__8vqhw47vp,s3://lucas-audiotool-tracks/mp3/e0/b2/8vqhw47vp.e0b2d888.mp3,https://lucas-audiotool-tracks.s3.amazonaws.com/mp3/e0/b2/8vqhw47vp.e0b2d888.mp3,True,all tracks
tracks/rkhpdzenn,all__rkhpdzenn,s3://lucas-audiotool-tracks/mp3/a3/b2/rkhpdzenn.a3b2bed5.mp3,https://lucas-audiotool-tracks.s3.amazonaws.com/mp3/a3/b2/rkhpdzenn.a3b2bed5.mp3,True,all tracks
tracks/untitled-yytarun5p,all__untitled-yytarun5p,s3://lucas-audiotool-tracks/mp3/06/11/untitled-yytarun5p.06116324.mp3,https://lucas-audiotool-tracks.s3.amazonaws.com/mp3/06/11/untitled-yytarun5p.06116324.mp3,True,all tracks
tracks/merry_hoodmas,all__merry_hoodmas,s3://lucas-audiotool-tracks/mp3/34/ac/merry_hoodmas.34acc2f4.mp3,https://lucas-audiotool-tracks.s3.amazonaws.com/mp3/34/ac/merry_hoodmas.34acc2f4.mp3,True,all tracks
tracks/right_angle,all__right_angle,s3://lucas-audiotool-tracks/mp3/31/f6/right_angle.31f61888.mp3,https://lucas-audiotool-tracks.s3.amazonaws.com/mp3/31/f6/right_angle.31f61888.mp3,True,all tracks
tracks/81i5oj048,all__81i5oj048,s3://lucas-audiotool-tracks/mp3/3f/7e/81i5oj048.3f7e48d7.mp3,https://lucas-audiotool-tracks.s3.amazonaws.com/mp3/3f/7e/81i5oj048.3f7e48d7.mp3,True,all tracks
tracks/splinter_in_the_mind-stuwt5,all__splinter_in_the_mind-stuwt5,s3://lucas-audiotool-tracks/mp3/eb/93/splinter_in_the_mind-stuwt5.eb93a377.mp3,https://lucas-audiotool-tracks.s3.amazonaws.com/mp3/eb/93/splinter_in_the_mind-stuwt5.eb93a377.mp3,True,all tracks
tracks/kwfet2aqcyv,all__kwfet2aqcyv,s3://lucas-audiotool-tracks/mp3/af/73/kwfet2aqcyv.af730ad5.mp3,https://lucas-audiotool-tracks.s3.amazonaws.com/mp3/af/73/kwfet2aqcyv.af730ad5.mp3,True,all tracks
tracks/eqbbjp4l,all__eqbbjp4l,s3://lucas-audiotool-tracks/mp3/7a/9f/eqbbjp4l.7a9f5da4.mp3,https://lucas-audiotool-tracks.s3.amazonaws.com/mp3/7a/9f/eqbbjp4l.7a9f5da4.mp3,True,all tracks
tracks/b3xmf09qw,all__b3xmf09qw,s3://lucas-audiotool-tracks/mp3/ce/73/b3xmf09qw.ce73562e.mp3,https://lucas-audiotool-tracks.s3.amazonaws.com/mp3/ce/73/b3xmf09qw.ce73562e.mp3,True,all tracks
tracks/aproximate-tnwfx,all__aproximate-tnwfx,s3://lucas-audiotool-tracks/mp3/43/4f/aproximate-tnwfx.434f8426.mp3,https://lucas-audiotool-tracks.s3.amazonaws.com/mp3/43/4f/aproximate-tnwfx.434f8426.mp3,True,all tracks
tracks/lf08trjvx,all__lf08trjvx,s3://lucas-audiotool-tracks/mp3/63/9a/lf08trjvx.639a8b94.mp3,https://lucas-audiotool-tracks.s3.amazonaws.com/mp3/63/9a/lf08trjvx.639a8b94.mp3,True,all tracks
tracks/tonematrix-86br29a,all__tonematrix-86br29a,s3://lucas-audiotool-tracks/mp3/f3/26/tonematrix-86br29a.f3266dd4.mp3,https://lucas-audiotool-tracks.s3.amazonaws.com/mp3/f3/26/tonematrix-86br29a.f3266dd4.mp3,True,all tracks
tracks/time_travel-uyrk0a,all__time_travel-uyrk0a,s3://lucas-audiotool-tracks/mp3/12/8e/time_travel-uyrk0a.128ee484.mp3,https://lucas-audiotool-tracks.s3.amazonaws.com/mp3/12/8e/time_travel-uyrk0a.128ee484.mp3,True,all tracks
tracks/lsr63rwfwys,all__lsr63rwfwys,s3://lucas-audiotool-tracks/mp3/b1/d8/lsr63rwfwys.b1d8eefc.mp3,https://lucas-audiotool-tracks.s3.amazonaws.com/mp3/b1/d8/lsr63rwfwys.b1d8eefc.mp3,True,all tracks
tracks/bordom,all__bordom,s3://lucas-audiotool-tracks/mp3/06/d3/bordom.06d3b894.mp3,https://lucas-audiotool-tracks.s3.amazonaws.com/mp3/06/d3/bordom.06d3b894.mp3,True,all tracks
tracks/i_like_to_move_it_x_rmx,all__i_like_to_move_it_x_rmx,s3://lucas-audiotool-tracks/mp3/67/ec/i_like_to_move_it_x_rmx.67ecad0a.mp3,https://lucas-audiotool-tracks.s3.amazonaws.com/mp3/67/ec/i_like_to_move_it_x_rmx.67ecad0a.mp3,True,all tracks
tracks/5hsvg8dfs,all__5hsvg8dfs,s3://lucas-audiotool-tracks/mp3/56/eb/5hsvg8dfs.56eb3fff.mp3,https://lucas-audiotool-tracks.s3.amazonaws.com/mp3/56/eb/5hsvg8dfs.56eb3fff.mp3,True,all tracks
tracks/ft7wx9ksjjn,all__ft7wx9ksjjn,s3://lucas-audiotool-tracks/mp3/97/57/ft7wx9ksjjn.975733e6.mp3,https://lucas-audiotool-tracks.s3.amazonaws.com/mp3/97/57/ft7wx9ksjjn.975733e6.mp3,True,all tracks
tracks/maoi_maoi,all__maoi_maoi,s3://lucas-audiotool-tracks/mp3/e2/64/maoi_maoi.e264e3a7.mp3,https://lucas-audiotool-tracks.s3.amazonaws.com/mp3/e2/64/maoi_maoi.e264e3a7.mp3,True,all tracks
tracks/where_are_u_now_remix-5f1wi,all__where_are_u_now_remix-5f1wi,s3://lucas-audiotool-tracks/mp3/30/f6/where_are_u_now_remix-5f1wi.30f64fce.mp3,https://lucas-audiotool-tracks.s3.amazonaws.com/mp3/30/f6/where_are_u_now_remix-5f1wi.30f64fce.mp3,True,all tracks
tracks/what_is-gl1dvc,all__what_is-gl1dvc,s3://lucas-audiotool-tracks/mp3/20/4d/what_is-gl1dvc.204d17df.mp3,https://lucas-audiotool-tracks.s3.amazonaws.com/mp3/20/4d/what_is-gl1dvc.204d17df.mp3,True,all tracks
tracks/eltro_mix,all__eltro_mix,s3://lucas-audiotool-tracks/mp3/78/35/eltro_mix.783556ce.mp3,https://lucas-audiotool-tracks.s3.amazonaws.com/mp3/78/35/eltro_mix.783556ce.mp3,True,all tracks
tracks/no_gang_shit,all__no_gang_shit,s3://lucas-audiotool-tracks/mp3/29/9a/no_gang_shit.299ad133.mp3,https://lucas-audiotool-tracks.s3.amazonaws.com/mp3/29/9a/no_gang_shit.299ad133.mp3,True,all tracks
tracks/ssghfi0drb7k,all__ssghfi0drb7k,s3://lucas-audiotool-tracks/mp3/a1/45/ssghfi0drb7k.a14558eb.mp3,https://lucas-audiotool-tracks.s3.amazonaws.com/mp3/a1/45/ssghfi0drb7k.a14558eb.mp3,True,all tracks
tracks/de8zfp4jac6,all__de8zfp4jac6,s3://lucas-audiotool-tracks/mp3/82/33/de8zfp4jac6.82334fe8.mp3,https://lucas-audiotool-tracks.s3.amazonaws.com/mp3/82/33/de8zfp4jac6.82334fe8.mp3,True,all tracks
tracks/yf0pngy4i0,all__yf0pngy4i0,s3://lucas-audiotool-tracks/mp3/b2/b7/yf0pngy4i0.b2b76fdf.mp3,https://lucas-audiotool-tracks.s3.amazonaws.com/mp3/b2/b7/yf0pngy4i0.b2b76fdf.mp3,True,all tracks
tracks/hate_draft1,all__hate_draft1,s3://lucas-audiotool-tracks/mp3/dd/49/hate_draft1.dd49c094.mp3,https://lucas-audiotool-tracks.s3.amazonaws.com/mp3/dd/49/hate_draft1.dd49c094.mp3,True,all tracks
tracks/lotmrwbus99,all__lotmrwbus99,s3://lucas-audiotool-tracks/mp3/75/21/lotmrwbus99.7521ffe2.mp3,https://lucas-audiotool-tracks.s3.amazonaws.com/mp3/75/21/lotmrwbus99.7521ffe2.mp3,True,all tracks
tracks/nnupapnfy,all__nnupapnfy,s3://lucas-audiotool-tracks/mp3/46/6b/nnupapnfy.466bdea2.mp3,https://lucas-audiotool-tracks.s3.amazonaws.com/mp3/46/6b/nnupapnfy.466bdea2.mp3,True,all tracks
tracks/fante_intro_riff,all__fante_intro_riff,s3://lucas-audiotool-tracks/mp3/17/81/fante_intro_riff.1781dee4.mp3,https://lucas-audiotool-tracks.s3.amazonaws.com/mp3/17/81/fante_intro_riff.1781dee4.mp3,True,all tracks
tracks/omiz1zmtwwq,all__omiz1zmtwwq,s3://lucas-audiotool-tracks/mp3/11/42/omiz1zmtwwq.11423fff.mp3,https://lucas-audiotool-tracks.s3.amazonaws.com/mp3/11/42/omiz1zmtwwq.11423fff.mp3,True,all tracks
tracks/disco-tjn04,all__disco-tjn04,s3://lucas-audiotool-tracks/mp3/8b/20/disco-tjn04.8b2021e4.mp3,https://lucas-audiotool-tracks.s3.amazonaws.com/mp3/8b/20/disco-tjn04.8b2021e4.mp3,True,all tracks
tracks/zyro-_pineapple,all__zyro-_pineapple,s3://lucas-audiotool-tracks/mp3/29/18/zyro-_pineapple.29187bd6.mp3,https://lucas-audiotool-tracks.s3.amazonaws.com/mp3/29/18/zyro-_pineapple.29187bd6.mp3,True,all tracks
tracks/go_hard_yedam_remix,all__go_hard_yedam_remix,s3://lucas-audiotool-tracks/mp3/ff/58/go_hard_yedam_remix.ff58f930.mp3,https://lucas-audiotool-tracks.s3.amazonaws.com/mp3/ff/58/go_hard_yedam_remix.ff58f930.mp3,True,all tracks
tracks/7h08sx3h47xv,all__7h08sx3h47xv,s3://lucas-audiotool-tracks/mp3/6a/12/7h08sx3h47xv.6a121fd8.mp3,https://lucas-audiotool-tracks.s3.amazonaws.com/mp3/6a/12/7h08sx3h47xv.6a121fd8.mp3,True,all tracks
tracks/u5qkuvlua,all__u5qkuvlua,s3://lucas-audiotool-tracks/mp3/6e/c7/u5qkuvlua.6ec72890.mp3,https://lucas-audiotool-tracks.s3.amazonaws.com/mp3/6e/c7/u5qkuvlua.6ec72890.mp3,True,all tracks
tracks/xapq2vamdu,all__xapq2vamdu,s3://lucas-audiotool-tracks/mp3/f5/fc/xapq2vamdu.f5fcd05a.mp3,https://lucas-audiotool-tracks.s3.amazonaws.com/mp3/f5/fc/xapq2vamdu.f5fcd05a.mp3,True,all tracks
tracks/crazy-8tvxgsqv,all__crazy-8tvxgsqv,s3://lucas-audiotool-tracks/mp3/eb/46/crazy-8tvxgsqv.eb46a623.mp3,https://lucas-audiotool-tracks.s3.amazonaws.com/mp3/eb/46/crazy-8tvxgsqv.eb46a623.mp3,True,all tracks
tracks/burnin___electroma_remix,all__burnin___electroma_remix,s3://lucas-audiotool-tracks/mp3/5c/bf/burnin___electroma_remix.5cbf12d4.mp3,https://lucas-audiotool-tracks.s3.amazonaws.com/mp3/5c/bf/burnin___electroma_remix.5cbf12d4.mp3,True,all tracks
tracks/song_one-ttnh2s,all__song_one-ttnh2s,s3://lucas-audiotool-tracks/mp3/e1/66/song_one-ttnh2s.e166cfa2.mp3,https://lucas-audiotool-tracks.s3.amazonaws.com/mp3/e1/66/song_one-ttnh2s.e166cfa2.mp3,True,all tracks
tracks/djkoos_party_unfinised,all__djkoos_party_unfinised,s3://lucas-audiotool-tracks/mp3/c3/78/djkoos_party_unfinised.c378ac1e.mp3,https://lucas-audiotool-tracks.s3.amazonaws.com/mp3/c3/78/djkoos_party_unfinised.c378ac1e.mp3,True,all tracks
tracks/chicca_is_your_style,all__chicca_is_your_style,s3://lucas-audiotool-tracks/mp3/1f/87/chicca_is_your_style.1f87c477.mp3,https://lucas-audiotool-tracks.s3.amazonaws.com/mp3/1f/87/chicca_is_your_style.1f87c477.mp3,True,all tracks
tracks/2uvjt3kyw5,all__2uvjt3kyw5,s3://lucas-audiotool-tracks/mp3/2b/6b/2uvjt3kyw5.2b6b4ae2.mp3,https://lucas-audiotool-tracks.s3.amazonaws.com/mp3/2b/6b/2uvjt3kyw5.2b6b4ae2.mp3,True,all tracks
tracks/weekender_bordel,all__weekender_bordel,s3://lucas-audiotool-tracks/mp3/c6/1d/weekender_bordel.c61d8288.mp3,https://lucas-audiotool-tracks.s3.amazonaws.com/mp3/c6/1d/weekender_bordel.c61d8288.mp3,True,all tracks
tracks/great_flute_ft_jamesr,all__great_flute_ft_jamesr,s3://lucas-audiotool-tracks/mp3/7d/2b/great_flute_ft_jamesr.7d2be16a.mp3,https://lucas-audiotool-tracks.s3.amazonaws.com/mp3/7d/2b/great_flute_ft_jamesr.7d2be16a.mp3,True,all tracks
tracks/stat3_0f_maarya,all__stat3_0f_maarya,s3://lucas-audiotool-tracks/mp3/f8/53/stat3_0f_maarya.f8536074.mp3,https://lucas-audiotool-tracks.s3.amazonaws.com/mp3/f8/53/stat3_0f_maarya.f8536074.mp3,True,all tracks
tracks/6mariyoha,all__6mariyoha,s3://lucas-audiotool-tracks/mp3/63/4f/6mariyoha.634f6a29.mp3,https://lucas-audiotool-tracks.s3.amazonaws.com/mp3/63/4f/6mariyoha.634f6a29.mp3,True,all tracks
tracks/z17zqmqauqiz,all__z17zqmqauqiz,s3://lucas-audiotool-tracks/mp3/e6/b4/z17zqmqauqiz.e6b48a6e.mp3,https://lucas-audiotool-tracks.s3.amazonaws.com/mp3/e6/b4/z17zqmqauqiz.e6b48a6e.mp3,True,all tracks
tracks/a9q65o0xg3,all__a9q65o0xg3,s3://lucas-audiotool-tracks/mp3/a4/43/a9q65o0xg3.a443d6b9.mp3,https://lucas-audiotool-tracks.s3.amazonaws.com/mp3/a4/43/a9q65o0xg3.a443d6b9.mp3,True,all tracks
tracks/the_bongos,all__the_bongos,s3://lucas-audiotool-tracks/mp3/5f/d2/the_bongos.5fd2c702.mp3,https://lucas-audiotool-tracks.s3.amazonaws.com/mp3/5f/d2/the_bongos.5fd2c702.mp3,True,all tracks
tracks/eso_si,all__eso_si,s3://lucas-audiotool-tracks/mp3/44/83/eso_si.44830b21.mp3,https://lucas-audiotool-tracks.s3.amazonaws.com/mp3/44/83/eso_si.44830b21.mp3,True,all tracks
tracks/kcoetxboiqs,all__kcoetxboiqs,s3://lucas-audiotool-tracks/mp3/1e/0c/kcoetxboiqs.1e0c5a45.mp3,https://lucas-audiotool-tracks.s3.amazonaws.com/mp3/1e/0c/kcoetxboiqs.1e0c5a45.mp3,True,all tracks
tracks/z2787pb5uu0a,all__z2787pb5uu0a,s3://lucas-audiotool-tracks/mp3/08/e0/z2787pb5uu0a.08e05406.mp3,https://lucas-audiotool-tracks.s3.amazonaws.com/mp3/08/e0/z2787pb5uu0a.08e05406.mp3,True,all tracks
tracks/vcvw6xhlr91r,all__vcvw6xhlr91r,s3://lucas-audiotool-tracks/mp3/9d/d6/vcvw6xhlr91r.9dd6b384.mp3,https://lucas-audiotool-tracks.s3.amazonaws.com/mp3/9d/d6/vcvw6xhlr91r.9dd6b384.mp3,True,all tracks
tracks/short_beat-qymcqjhhv,all__short_beat-qymcqjhhv,s3://lucas-audiotool-tracks/mp3/0f/28/short_beat-qymcqjhhv.0f2859aa.mp3,https://lucas-audiotool-tracks.s3.amazonaws.com/mp3/0f/28/short_beat-qymcqjhhv.0f2859aa.mp3,True,all tracks
tracks/my_universe_upsidedown,all__my_universe_upsidedown,s3://lucas-audiotool-tracks/mp3/13/49/my_universe_upsidedown.1349a238.mp3,https://lucas-audiotool-tracks.s3.amazonaws.com/mp3/13/49/my_universe_upsidedown.1349a238.mp3,True,all tracks
tracks/bored_scratch_track,all__bored_scratch_track,s3://lucas-audiotool-tracks/mp3/53/77/bored_scratch_track.5377d74e.mp3,https://lucas-audiotool-tracks.s3.amazonaws.com/mp3/53/77/bored_scratch_track.5377d74e.mp3,True,all tracks
tracks/jcbnn41q0c8,all__jcbnn41q0c8,s3://lucas-audiotool-tracks/mp3/6a/c4/jcbnn41q0c8.6ac4c219.mp3,https://lucas-audiotool-tracks.s3.amazonaws.com/mp3/6a/c4/jcbnn41q0c8.6ac4c219.mp3,True,all tracks
tracks/szsm2uw3g,all__szsm2uw3g,s3://lucas-audiotool-tracks/mp3/36/b6/szsm2uw3g.36b6d048.mp3,https://lucas-audiotool-tracks.s3.amazonaws.com/mp3/36/b6/szsm2uw3g.36b6d048.mp3,True,all tracks
tracks/chords_and_melody,all__chords_and_melody,s3://lucas-audiotool-tracks/mp3/42/46/chords_and_melody.42468610.mp3,https://lucas-audiotool-tracks.s3.amazonaws.com/mp3/42/46/chords_and_melody.42468610.mp3,True,all tracks
tracks/95r4ao0xyp,all__95r4ao0xyp,s3://lucas-audiotool-tracks/mp3/d5/32/95r4ao0xyp.d532c8e5.mp3,https://lucas-audiotool-tracks.s3.amazonaws.com/mp3/d5/32/95r4ao0xyp.d532c8e5.mp3,True,all tracks
tracks/exukca3v247z,all__exukca3v247z,s3://lucas-audiotool-tracks/mp3/f1/e4/exukca3v247z.f1e49be4.mp3,https://lucas-audiotool-tracks.s3.amazonaws.com/mp3/f1/e4/exukca3v247z.f1e49be4.mp3,True,all tracks
tracks/i7clxd6brqt,all__i7clxd6brqt,s3://lucas-audiotool-tracks/mp3/5b/5b/i7clxd6brqt.5b5b82ef.mp3,https://lucas-audiotool-tracks.s3.amazonaws.com/mp3/5b/5b/i7clxd6brqt.5b5b82ef.mp3,True,all tracks
tracks/qeymligk,all__qeymligk,s3://lucas-audiotool-tracks/mp3/19/65/qeymligk.1965e699.mp3,https://lucas-audiotool-tracks.s3.amazonaws.com/mp3/19/65/qeymligk.1965e699.mp3,True,all tracks
tracks/lrj6zc33,all__lrj6zc33,s3://lucas-audiotool-tracks/mp3/1a/f5/lrj6zc33.1af533cf.mp3,https://lucas-audiotool-tracks.s3.amazonaws.com/mp3/1a/f5/lrj6zc33.1af533cf.mp3,True,all tracks
tracks/rcdrput9q1od,all__rcdrput9q1od,s3://lucas-audiotool-tracks/mp3/46/da/rcdrput9q1od.46da18c6.mp3,https://lucas-audiotool-tracks.s3.amazonaws.com/mp3/46/da/rcdrput9q1od.46da18c6.mp3,True,all tracks
tracks/3lmxfrjyr,all__3lmxfrjyr,s3://lucas-audiotool-tracks/mp3/b4/fc/3lmxfrjyr.b4fcff1e.mp3,https://lucas-audiotool-tracks.s3.amazonaws.com/mp3/b4/fc/3lmxfrjyr.b4fcff1e.mp3,True,all tracks
tracks/6q6r9bp62ib,all__6q6r9bp62ib,s3://lucas-audiotool-tracks/mp3/f6/fc/6q6r9bp62ib.f6fc16d4.mp3,https://lucas-audiotool-tracks.s3.amazonaws.com/mp3/f6/fc/6q6r9bp62ib.f6fc16d4.mp3,True,all tracks
tracks/8s6azsdl,all__8s6azsdl,s3://lucas-audiotool-tracks/mp3/6a/67/8s6azsdl.6a67284a.mp3,https://lucas-audiotool-tracks.s3.amazonaws.com/mp3/6a/67/8s6azsdl.6a67284a.mp3,True,all tracks
tracks/ayne_tway_dree_not_quite_finished,all__ayne_tway_dree_not_quite_finished,s3://lucas-audiotool-tracks/mp3/fd/98/ayne_tway_dree_not_quite_finished.fd989084.mp3,https://lucas-audiotool-tracks.s3.amazonaws.com/mp3/fd/98/ayne_tway_dree_not_quite_finished.fd989084.mp3,True,all tracks
tracks/jfu0cmfrw,all__jfu0cmfrw,s3://lucas-audiotool-tracks/mp3/a2/4f/jfu0cmfrw.a24f4fe1.mp3,https://lucas-audiotool-tracks.s3.amazonaws.com/mp3/a2/4f/jfu0cmfrw.a24f4fe1.mp3,True,all tracks
tracks/jwr36moqhkbo,all__jwr36moqhkbo,s3://lucas-audiotool-tracks/mp3/b6/d4/jwr36moqhkbo.b6d4675a.mp3,https://lucas-audiotool-tracks.s3.amazonaws.com/mp3/b6/d4/jwr36moqhkbo.b6d4675a.mp3,True,all tracks
tracks/teetnweet1,all__teetnweet1,s3://lucas-audiotool-tracks/mp3/3b/c6/teetnweet1.3bc60c1e.mp3,https://lucas-audiotool-tracks.s3.amazonaws.com/mp3/3b/c6/teetnweet1.3bc60c1e.mp3,True,all tracks
tracks/draft_2,all__draft_2,s3://lucas-audiotool-tracks/mp3/b7/ad/draft_2.b7adff77.mp3,https://lucas-audiotool-tracks.s3.amazonaws.com/mp3/b7/ad/draft_2.b7adff77.mp3,True,all tracks
tracks/olya1ni93,all__olya1ni93,s3://lucas-audiotool-tracks/mp3/a0/5a/olya1ni93.a05aeb6c.mp3,https://lucas-audiotool-tracks.s3.amazonaws.com/mp3/a0/5a/olya1ni93.a05aeb6c.mp3,True,all tracks
tracks/hoh,all__hoh,s3://lucas-audiotool-tracks/mp3/dd/17/hoh.dd176445.mp3,https://lucas-audiotool-tracks.s3.amazonaws.com/mp3/dd/17/hoh.dd176445.mp3,True,all tracks
tracks/vulkron_x_stagefright_fail,all__vulkron_x_stagefright_fail,s3://lucas-audiotool-tracks/mp3/ab/3d/vulkron_x_stagefright_fail.ab3d3826.mp3,https://lucas-audiotool-tracks.s3.amazonaws.com/mp3/ab/3d/vulkron_x_stagefright_fail.ab3d3826.mp3,True,all tracks
tracks/the_web,all__the_web,s3://lucas-audiotool-tracks/mp3/09/ea/the_web.09ea240c.mp3,https://lucas-audiotool-tracks.s3.amazonaws.com/mp3/09/ea/the_web.09ea240c.mp3,True,all tracks
tracks/wb94h1kvlu,all__wb94h1kvlu,s3://lucas-audiotool-tracks/mp3/5c/64/wb94h1kvlu.5c644c38.mp3,https://lucas-audiotool-tracks.s3.amazonaws.com/mp3/5c/64/wb94h1kvlu.5c644c38.mp3,True,all tracks
tracks/jkmln8smk04w,all__jkmln8smk04w,s3://lucas-audiotool-tracks/mp3/c7/f8/jkmln8smk04w.c7f8aa35.mp3,https://lucas-audiotool-tracks.s3.amazonaws.com/mp3/c7/f8/jkmln8smk04w.c7f8aa35.mp3,True,all tracks
tracks/mellow-d3t5au,all__mellow-d3t5au,s3://lucas-audiotool-tracks/mp3/77/09/mellow-d3t5au.77091490.mp3,https://lucas-audiotool-tracks.s3.amazonaws.com/mp3/77/09/mellow-d3t5au.77091490.mp3,True,all tracks
tracks/yitu8w6xso,all__yitu8w6xso,s3://lucas-audiotool-tracks/mp3/be/e0/yitu8w6xso.bee0bac6.mp3,https://lucas-audiotool-tracks.s3.amazonaws.com/mp3/be/e0/yitu8w6xso.bee0bac6.mp3,True,all tracks
tracks/wuh660zn,all__wuh660zn,s3://lucas-audiotool-tracks/mp3/64/20/wuh660zn.6420f3b7.mp3,https://lucas-audiotool-tracks.s3.amazonaws.com/mp3/64/20/wuh660zn.6420f3b7.mp3,True,all tracks
tracks/litt_lol_memes,all__litt_lol_memes,s3://lucas-audiotool-tracks/mp3/4c/9e/litt_lol_memes.4c9e9cd0.mp3,https://lucas-audiotool-tracks.s3.amazonaws.com/mp3/4c/9e/litt_lol_memes.4c9e9cd0.mp3,True,all tracks
tracks/iml_project,all__iml_project,s3://lucas-audiotool-tracks/mp3/84/ac/iml_project.84acdf08.mp3,https://lucas-audiotool-tracks.s3.amazonaws.com/mp3/84/ac/iml_project.84acdf08.mp3,True,all tracks
tracks/0b52n4wzj87w,all__0b52n4wzj87w,s3://lucas-audiotool-tracks/mp3/0b/8b/0b52n4wzj87w.0b8b2359.mp3,https://lucas-audiotool-tracks.s3.amazonaws.com/mp3/0b/8b/0b52n4wzj87w.0b8b2359.mp3,True,all tracks
tracks/ezenxc3rzywz,all__ezenxc3rzywz,s3://lucas-audiotool-tracks/mp3/c2/2d/ezenxc3rzywz.c22d0967.mp3,https://lucas-audiotool-tracks.s3.amazonaws.com/mp3/c2/2d/ezenxc3rzywz.c22d0967.mp3,True,all tracks
tracks/beat_1-lco2t,all__beat_1-lco2t,s3://lucas-audiotool-tracks/mp3/9b/d3/beat_1-lco2t.9bd304c8.mp3,https://lucas-audiotool-tracks.s3.amazonaws.com/mp3/9b/d3/beat_1-lco2t.9bd304c8.mp3,True,all tracks
tracks/sweaters,all__sweaters,s3://lucas-audiotool-tracks/mp3/0b/89/sweaters.0b89e35f.mp3,https://lucas-audiotool-tracks.s3.amazonaws.com/mp3/0b/89/sweaters.0b89e35f.mp3,True,all tracks
tracks/f88l3jp7,all__f88l3jp7,s3://lucas-audiotool-tracks/mp3/ba/f2/f88l3jp7.baf272ff.mp3,https://lucas-audiotool-tracks.s3.amazonaws.com/mp3/ba/f2/f88l3jp7.baf272ff.mp3,True,all tracks
tracks/va23mzyobd1t,all__va23mzyobd1t,s3://lucas-audiotool-tracks/mp3/cd/50/va23mzyobd1t.cd5021d7.mp3,https://lucas-audiotool-tracks.s3.amazonaws.com/mp3/cd/50/va23mzyobd1t.cd5021d7.mp3,True,all tracks
tracks/1wucwosa9k,all__1wucwosa9k,s3://lucas-audiotool-tracks/mp3/ab/70/1wucwosa9k.ab7082b2.mp3,https://lucas-audiotool-tracks.s3.amazonaws.com/mp3/ab/70/1wucwosa9k.ab7082b2.mp3,True,all tracks
tracks/shake_tha_body_house_music,all__shake_tha_body_house_music,s3://lucas-audiotool-tracks/mp3/a4/ac/shake_tha_body_house_music.a4ac3102.mp3,https://lucas-audiotool-tracks.s3.amazonaws.com/mp3/a4/ac/shake_tha_body_house_music.a4ac3102.mp3,True,all tracks
tracks/an9b77l7z3y,all__an9b77l7z3y,s3://lucas-audiotool-tracks/mp3/bc/a2/an9b77l7z3y.bca289eb.mp3,https://lucas-audiotool-tracks.s3.amazonaws.com/mp3/bc/a2/an9b77l7z3y.bca289eb.mp3,True,all tracks
tracks/like_a_boss-iotbhvn6l,all__like_a_boss-iotbhvn6l,s3://lucas-audiotool-tracks/mp3/a8/20/like_a_boss-iotbhvn6l.a82035d7.mp3,https://lucas-audiotool-tracks.s3.amazonaws.com/mp3/a8/20/like_a_boss-iotbhvn6l.a82035d7.mp3,True,all tracks
tracks/6rs00sdaq,all__6rs00sdaq,s3://lucas-audiotool-tracks/mp3/e0/a0/6rs00sdaq.e0a05ea7.mp3,https://lucas-audiotool-tracks.s3.amazonaws.com/mp3/e0/a0/6rs00sdaq.e0a05ea7.mp3,True,all tracks
tracks/6xnq9qkwfd,all__6xnq9qkwfd,s3://lucas-audiotool-tracks/mp3/45/1d/6xnq9qkwfd.451dc55d.mp3,https://lucas-audiotool-tracks.s3.amazonaws.com/mp3/45/1d/6xnq9qkwfd.451dc55d.mp3,True,all tracks
tracks/sneaky_trap_electro,all__sneaky_trap_electro,s3://lucas-audiotool-tracks/mp3/e0/15/sneaky_trap_electro.e015bc3f.mp3,https://lucas-audiotool-tracks.s3.amazonaws.com/mp3/e0/15/sneaky_trap_electro.e015bc3f.mp3,True,all tracks
tracks/the_sweet_garden,all__the_sweet_garden,s3://lucas-audiotool-tracks/mp3/73/95/the_sweet_garden.73952465.mp3,https://lucas-audiotool-tracks.s3.amazonaws.com/mp3/73/95/the_sweet_garden.73952465.mp3,True,all tracks
tracks/a_travel_through_time,all__a_travel_through_time,s3://lucas-audiotool-tracks/mp3/c0/6e/a_travel_through_time.c06ed2aa.mp3,https://lucas-audiotool-tracks.s3.amazonaws.com/mp3/c0/6e/a_travel_through_time.c06ed2aa.mp3,True,all tracks
tracks/2108sc3x,all__2108sc3x,s3://lucas-audiotool-tracks/mp3/65/90/2108sc3x.65909900.mp3,https://lucas-audiotool-tracks.s3.amazonaws.com/mp3/65/90/2108sc3x.65909900.mp3,True,all tracks
tracks/wonderful_adventure,all__wonderful_adventure,s3://lucas-audiotool-tracks/mp3/40/4e/wonderful_adventure.404eb9e1.mp3,https://lucas-audiotool-tracks.s3.amazonaws.com/mp3/40/4e/wonderful_adventure.404eb9e1.mp3,True,all tracks
tracks/4usywgasj66j,all__4usywgasj66j,s3://lucas-audiotool-tracks/mp3/a1/76/4usywgasj66j.a176914e.mp3,https://lucas-audiotool-tracks.s3.amazonaws.com/mp3/a1/76/4usywgasj66j.a176914e.mp3,True,all tracks
tracks/my_composition-5ywp5b6y,all__my_composition-5ywp5b6y,s3://lucas-audiotool-tracks/mp3/89/f7/my_composition-5ywp5b6y.89f7dec0.mp3,https://lucas-audiotool-tracks.s3.amazonaws.com/mp3/89/f7/my_composition-5ywp5b6y.89f7dec0.mp3,True,all tracks
tracks/3xcqy9rzx,all__3xcqy9rzx,s3://lucas-audiotool-tracks/mp3/da/e0/3xcqy9rzx.dae03f48.mp3,https://lucas-audiotool-tracks.s3.amazonaws.com/mp3/da/e0/3xcqy9rzx.dae03f48.mp3,True,all tracks
tracks/walking_through_field,all__walking_through_field,s3://lucas-audiotool-tracks/mp3/9f/2e/walking_through_field.9f2e5264.mp3,https://lucas-audiotool-tracks.s3.amazonaws.com/mp3/9f/2e/walking_through_field.9f2e5264.mp3,True,all tracks
tracks/ptxh5u2pysb0,all__ptxh5u2pysb0,s3://lucas-audiotool-tracks/mp3/e8/55/ptxh5u2pysb0.e8559f95.mp3,https://lucas-audiotool-tracks.s3.amazonaws.com/mp3/e8/55/ptxh5u2pysb0.e8559f95.mp3,True,all tracks
tracks/amaz,all__amaz,s3://lucas-audiotool-tracks/mp3/74/e6/amaz.74e6d04a.mp3,https://lucas-audiotool-tracks.s3.amazonaws.com/mp3/74/e6/amaz.74e6d04a.mp3,True,all tracks
tracks/untitledwhen_u_see_someone_with_vibrams_on,all__untitledwhen_u_see_someone_with_vibrams_on,s3://lucas-audiotool-tracks/mp3/a2/4f/untitledwhen_u_see_someone_with_vibrams_on.a24f4920.mp3,https://lucas-audiotool-tracks.s3.amazonaws.com/mp3/a2/4f/untitledwhen_u_see_someone_with_vibrams_on.a24f4920.mp3,True,all tracks
tracks/80_bummer,all__80_bummer,s3://lucas-audiotool-tracks/mp3/f7/70/80_bummer.f770d761.mp3,https://lucas-audiotool-tracks.s3.amazonaws.com/mp3/f7/70/80_bummer.f770d761.mp3,True,all tracks
tracks/4nmzgjt3v,all__4nmzgjt3v,s3://lucas-audiotool-tracks/mp3/97/8b/4nmzgjt3v.978b9d58.mp3,https://lucas-audiotool-tracks.s3.amazonaws.com/mp3/97/8b/4nmzgjt3v.978b9d58.mp3,True,all tracks
tracks/c60mfli16x,all__c60mfli16x,s3://lucas-audiotool-tracks/mp3/47/76/c60mfli16x.477600a4.mp3,https://lucas-audiotool-tracks.s3.amazonaws.com/mp3/47/76/c60mfli16x.477600a4.mp3,True,all tracks
tracks/egtz3ydy,all__egtz3ydy,s3://lucas-audiotool-tracks/mp3/e6/86/egtz3ydy.e6866e4f.mp3,https://lucas-audiotool-tracks.s3.amazonaws.com/mp3/e6/86/egtz3ydy.e6866e4f.mp3,True,all tracks
tracks/n2ah38vk,all__n2ah38vk,s3://lucas-audiotool-tracks/mp3/60/41/n2ah38vk.60414c4d.mp3,https://lucas-audiotool-tracks.s3.amazonaws.com/mp3/60/41/n2ah38vk.60414c4d.mp3,True,all tracks
tracks/end_of_destiny_demo,all__end_of_destiny_demo,s3://lucas-audiotool-tracks/mp3/9d/89/end_of_destiny_demo.9d89104f.mp3,https://lucas-audiotool-tracks.s3.amazonaws.com/mp3/9d/89/end_of_destiny_demo.9d89104f.mp3,True,all tracks
tracks/old_skool-g8hvxzpt,all__old_skool-g8hvxzpt,s3://lucas-audiotool-tracks/mp3/74/8f/old_skool-g8hvxzpt.748fe32c.mp3,https://lucas-audiotool-tracks.s3.amazonaws.com/mp3/74/8f/old_skool-g8hvxzpt.748fe32c.mp3,True,all tracks
tracks/tommorowland-56lf5,all__tommorowland-56lf5,s3://lucas-audiotool-tracks/mp3/36/0a/tommorowland-56lf5.360ab976.mp3,https://lucas-audiotool-tracks.s3.amazonaws.com/mp3/36/0a/tommorowland-56lf5.360ab976.mp3,True,all tracks
tracks/i26zloo7cuj,all__i26zloo7cuj,s3://lucas-audiotool-tracks/mp3/17/6b/i26zloo7cuj.176bb701.mp3,https://lucas-audiotool-tracks.s3.amazonaws.com/mp3/17/6b/i26zloo7cuj.176bb701.mp3,True,all tracks
tracks/ryzerrap,all__ryzerrap,s3://lucas-audiotool-tracks/mp3/fa/fc/ryzerrap.fafc5240.mp3,https://lucas-audiotool-tracks.s3.amazonaws.com/mp3/fa/fc/ryzerrap.fafc5240.mp3,True,all tracks
tracks/don_t_let_me_go-z7c5jh,all__don_t_let_me_go-z7c5jh,s3://lucas-audiotool-tracks/mp3/ec/8f/don_t_let_me_go-z7c5jh.ec8fba59.mp3,https://lucas-audiotool-tracks.s3.amazonaws.com/mp3/ec/8f/don_t_let_me_go-z7c5jh.ec8fba59.mp3,True,all tracks
tracks/5dec4le3p0l,all__5dec4le3p0l,s3://lucas-audiotool-tracks/mp3/aa/6c/5dec4le3p0l.aa6c6a17.mp3,https://lucas-audiotool-tracks.s3.amazonaws.com/mp3/aa/6c/5dec4le3p0l.aa6c6a17.mp3,True,all tracks
tracks/6t1dshgee3,all__6t1dshgee3,s3://lucas-audiotool-tracks/mp3/8b/db/6t1dshgee3.8bdbc49c.mp3,https://lucas-audiotool-tracks.s3.amazonaws.com/mp3/8b/db/6t1dshgee3.8bdbc49c.mp3,True,all tracks
tracks/2h9wrjna8,all__2h9wrjna8,s3://lucas-audiotool-tracks/mp3/05/a0/2h9wrjna8.05a0aa99.mp3,https://lucas-audiotool-tracks.s3.amazonaws.com/mp3/05/a0/2h9wrjna8.05a0aa99.mp3,True,all tracks
tracks/ovke4nxvzq7,all__ovke4nxvzq7,s3://lucas-audiotool-tracks/mp3/96/b2/ovke4nxvzq7.96b29ae3.mp3,https://lucas-audiotool-tracks.s3.amazonaws.com/mp3/96/b2/ovke4nxvzq7.96b29ae3.mp3,True,all tracks
tracks/fpxtvdq5,all__fpxtvdq5,s3://lucas-audiotool-tracks/mp3/1f/05/fpxtvdq5.1f0570cb.mp3,https://lucas-audiotool-tracks.s3.amazonaws.com/mp3/1f/05/fpxtvdq5.1f0570cb.mp3,True,all tracks
tracks/evt-urgent_cn_version_decorated_revised_attempt,all__evt-urgent_cn_version_decorated_revised_attempt,s3://lucas-audiotool-tracks/mp3/14/60/evt-urgent_cn_version_decorated_revised_attempt.1460b80c.mp3,https://lucas-audiotool-tracks.s3.amazonaws.com/mp3/14/60/evt-urgent_cn_version_decorated_revised_attempt.1460b80c.mp3,True,all tracks
tracks/vac5yux2ps2,all__vac5yux2ps2,s3://lucas-audiotool-tracks/mp3/e2/b7/vac5yux2ps2.e2b7503d.mp3,https://lucas-audiotool-tracks.s3.amazonaws.com/mp3/e2/b7/vac5yux2ps2.e2b7503d.mp3,True,all tracks
tracks/eu9kgi1xhskg,all__eu9kgi1xhskg,s3://lucas-audiotool-tracks/mp3/ca/3c/eu9kgi1xhskg.ca3cbb38.mp3,https://lucas-audiotool-tracks.s3.amazonaws.com/mp3/ca/3c/eu9kgi1xhskg.ca3cbb38.mp3,True,all tracks
tracks/pulsating-ppzoa,all__pulsating-ppzoa,s3://lucas-audiotool-tracks/mp3/5d/37/pulsating-ppzoa.5d37604a.mp3,https://lucas-audiotool-tracks.s3.amazonaws.com/mp3/5d/37/pulsating-ppzoa.5d37604a.mp3,True,all tracks
tracks/deeper-54dvtigs,all__deeper-54dvtigs,s3://lucas-audiotool-tracks/mp3/2f/df/deeper-54dvtigs.2fdf8697.mp3,https://lucas-audiotool-tracks.s3.amazonaws.com/mp3/2f/df/deeper-54dvtigs.2fdf8697.mp3,True,all tracks
tracks/ke7f77y5p1w,all__ke7f77y5p1w,s3://lucas-audiotool-tracks/mp3/f1/46/ke7f77y5p1w.f146e540.mp3,https://lucas-audiotool-tracks.s3.amazonaws.com/mp3/f1/46/ke7f77y5p1w.f146e540.mp3,True,all tracks
tracks/31k2hpe4,all__31k2hpe4,s3://lucas-audiotool-tracks/mp3/67/31/31k2hpe4.67314d3f.mp3,https://lucas-audiotool-tracks.s3.amazonaws.com/mp3/67/31/31k2hpe4.67314d3f.mp3,True,all tracks
tracks/mc9nw77a,all__mc9nw77a,s3://lucas-audiotool-tracks/mp3/82/14/mc9nw77a.82149006.mp3,https://lucas-audiotool-tracks.s3.amazonaws.com/mp3/82/14/mc9nw77a.82149006.mp3,True,all tracks
tracks/sampless,all__sampless,s3://lucas-audiotool-tracks/mp3/58/ef/sampless.58ef9857.mp3,https://lucas-audiotool-tracks.s3.amazonaws.com/mp3/58/ef/sampless.58ef9857.mp3,True,all tracks
tracks/ygxf3p7ob3u0,all__ygxf3p7ob3u0,s3://lucas-audiotool-tracks/mp3/50/b1/ygxf3p7ob3u0.50b162ba.mp3,https://lucas-audiotool-tracks.s3.amazonaws.com/mp3/50/b1/ygxf3p7ob3u0.50b162ba.mp3,True,all tracks
tracks/hrfgyvcu2my,all__hrfgyvcu2my,s3://lucas-audiotool-tracks/mp3/1f/cf/hrfgyvcu2my.1fcf8086.mp3,https://lucas-audiotool-tracks.s3.amazonaws.com/mp3/1f/cf/hrfgyvcu2my.1fcf8086.mp3,True,all tracks
tracks/very_chill,all__very_chill,s3://lucas-audiotool-tracks/mp3/ec/27/very_chill.ec27008a.mp3,https://lucas-audiotool-tracks.s3.amazonaws.com/mp3/ec/27/very_chill.ec27008a.mp3,True,all tracks
tracks/rtwbrddz0miy,all__rtwbrddz0miy,s3://lucas-audiotool-tracks/mp3/00/07/rtwbrddz0miy.00078a88.mp3,https://lucas-audiotool-tracks.s3.amazonaws.com/mp3/00/07/rtwbrddz0miy.00078a88.mp3,True,all tracks
tracks/y6whzp94p6jr,all__y6whzp94p6jr,s3://lucas-audiotool-tracks/mp3/bb/f6/y6whzp94p6jr.bbf63c58.mp3,https://lucas-audiotool-tracks.s3.amazonaws.com/mp3/bb/f6/y6whzp94p6jr.bbf63c58.mp3,True,all tracks
tracks/jpmyv39k,all__jpmyv39k,s3://lucas-audiotool-tracks/mp3/ae/db/jpmyv39k.aedb248d.mp3,https://lucas-audiotool-tracks.s3.amazonaws.com/mp3/ae/db/jpmyv39k.aedb248d.mp3,True,all tracks
tracks/xih6svcoe,all__xih6svcoe,s3://lucas-audiotool-tracks/mp3/ca/fe/xih6svcoe.cafeef1b.mp3,https://lucas-audiotool-tracks.s3.amazonaws.com/mp3/ca/fe/xih6svcoe.cafeef1b.mp3,True,all tracks
tracks/7tx4ivurh,all__7tx4ivurh,s3://lucas-audiotool-tracks/mp3/ce/26/7tx4ivurh.ce26b50e.mp3,https://lucas-audiotool-tracks.s3.amazonaws.com/mp3/ce/26/7tx4ivurh.ce26b50e.mp3,True,all tracks
tracks/the_freestyle,all__the_freestyle,s3://lucas-audiotool-tracks/mp3/04/a0/the_freestyle.04a0799f.mp3,https://lucas-audiotool-tracks.s3.amazonaws.com/mp3/04/a0/the_freestyle.04a0799f.mp3,True,all tracks
tracks/ysn,all__ysn,s3://lucas-audiotool-tracks/mp3/c1/50/ysn.c150e38e.mp3,https://lucas-audiotool-tracks.s3.amazonaws.com/mp3/c1/50/ysn.c150e38e.mp3,True,all tracks
tracks/fuck_this_bitches,all__fuck_this_bitches,s3://lucas-audiotool-tracks/mp3/5f/d4/fuck_this_bitches.5fd44a43.mp3,https://lucas-audiotool-tracks.s3.amazonaws.com/mp3/5f/d4/fuck_this_bitches.5fd44a43.mp3,True,all tracks
tracks/k1kspgwrv,all__k1kspgwrv,s3://lucas-audiotool-tracks/mp3/5e/ae/k1kspgwrv.5eaea33d.mp3,https://lucas-audiotool-tracks.s3.amazonaws.com/mp3/5e/ae/k1kspgwrv.5eaea33d.mp3,True,all tracks
tracks/racing_minds,all__racing_minds,s3://lucas-audiotool-tracks/mp3/d5/bc/racing_minds.d5bcd2d0.mp3,https://lucas-audiotool-tracks.s3.amazonaws.com/mp3/d5/bc/racing_minds.d5bcd2d0.mp3,True,all tracks
tracks/dim_assignment,all__dim_assignment,s3://lucas-audiotool-tracks/mp3/a5/ea/dim_assignment.a5ea91a3.mp3,https://lucas-audiotool-tracks.s3.amazonaws.com/mp3/a5/ea/dim_assignment.a5ea91a3.mp3,True,all tracks
tracks/unti-swsyspfk,all__unti-swsyspfk,s3://lucas-audiotool-tracks/mp3/30/f3/unti-swsyspfk.30f38a5c.mp3,https://lucas-audiotool-tracks.s3.amazonaws.com/mp3/30/f3/unti-swsyspfk.30f38a5c.mp3,True,all tracks
tracks/g-balls_track_2017,all__g-balls_track_2017,s3://lucas-audiotool-tracks/mp3/43/3b/g-balls_track_2017.433b3e6e.mp3,https://lucas-audiotool-tracks.s3.amazonaws.com/mp3/43/3b/g-balls_track_2017.433b3e6e.mp3,True,all tracks
tracks/k36wlss1,all__k36wlss1,s3://lucas-audiotool-tracks/mp3/a8/da/k36wlss1.a8daa4f7.mp3,https://lucas-audiotool-tracks.s3.amazonaws.com/mp3/a8/da/k36wlss1.a8daa4f7.mp3,True,all tracks
tracks/oblivion-7tywedl,all__oblivion-7tywedl,s3://lucas-audiotool-tracks/mp3/44/49/oblivion-7tywedl.444981e7.mp3,https://lucas-audiotool-tracks.s3.amazonaws.com/mp3/44/49/oblivion-7tywedl.444981e7.mp3,True,all tracks
tracks/m4nzgl92,all__m4nzgl92,s3://lucas-audiotool-tracks/mp3/03/74/m4nzgl92.0374f5cd.mp3,https://lucas-audiotool-tracks.s3.amazonaws.com/mp3/03/74/m4nzgl92.0374f5cd.mp3,True,all tracks
tracks/f3idu9gp,all__f3idu9gp,s3://lucas-audiotool-tracks/mp3/1b/d3/f3idu9gp.1bd3e03e.mp3,https://lucas-audiotool-tracks.s3.amazonaws.com/mp3/1b/d3/f3idu9gp.1bd3e03e.mp3,True,all tracks
tracks/3lsfmhuso,all__3lsfmhuso,s3://lucas-audiotool-tracks/mp3/96/fe/3lsfmhuso.96feee7e.mp3,https://lucas-audiotool-tracks.s3.amazonaws.com/mp3/96/fe/3lsfmhuso.96feee7e.mp3,True,all tracks
tracks/lsh3ciqkmp,all__lsh3ciqkmp,s3://lucas-audiotool-tracks/mp3/66/99/lsh3ciqkmp.66991d59.mp3,https://lucas-audiotool-tracks.s3.amazonaws.com/mp3/66/99/lsh3ciqkmp.66991d59.mp3,True,all tracks
tracks/dance_party-afxydt3fi,all__dance_party-afxydt3fi,s3://lucas-audiotool-tracks/mp3/c2/0d/dance_party-afxydt3fi.c20d8054.mp3,https://lucas-audiotool-tracks.s3.amazonaws.com/mp3/c2/0d/dance_party-afxydt3fi.c20d8054.mp3,True,all tracks
tracks/21bktbm1p9q,all__21bktbm1p9q,s3://lucas-audiotool-tracks/mp3/ca/1c/21bktbm1p9q.ca1c4e0a.mp3,https://lucas-audiotool-tracks.s3.amazonaws.com/mp3/ca/1c/21bktbm1p9q.ca1c4e0a.mp3,True,all tracks
tracks/shine-mezmnhv,all__shine-mezmnhv,s3://lucas-audiotool-tracks/mp3/1c/ee/shine-mezmnhv.1cee426a.mp3,https://lucas-audiotool-tracks.s3.amazonaws.com/mp3/1c/ee/shine-mezmnhv.1cee426a.mp3,True,all tracks
tracks/ss4kqxjto,all__ss4kqxjto,s3://lucas-audiotool-tracks/mp3/33/6d/ss4kqxjto.336d9e03.mp3,https://lucas-audiotool-tracks.s3.amazonaws.com/mp3/33/6d/ss4kqxjto.336d9e03.mp3,True,all tracks
tracks/ce55fo1ji1,all__ce55fo1ji1,s3://lucas-audiotool-tracks/mp3/e6/85/ce55fo1ji1.e685b037.mp3,https://lucas-audiotool-tracks.s3.amazonaws.com/mp3/e6/85/ce55fo1ji1.e685b037.mp3,True,all tracks
tracks/b6j9wkikq1bs,all__b6j9wkikq1bs,s3://lucas-audiotool-tracks/mp3/9f/7b/b6j9wkikq1bs.9f7b3b3a.mp3,https://lucas-audiotool-tracks.s3.amazonaws.com/mp3/9f/7b/b6j9wkikq1bs.9f7b3b3a.mp3,True,all tracks
tracks/7r33ntg3u48g,all__7r33ntg3u48g,s3://lucas-audiotool-tracks/mp3/35/a3/7r33ntg3u48g.35a3afee.mp3,https://lucas-audiotool-tracks.s3.amazonaws.com/mp3/35/a3/7r33ntg3u48g.35a3afee.mp3,True,all tracks
tracks/lrxvrow1,all__lrxvrow1,s3://lucas-audiotool-tracks/mp3/10/a8/lrxvrow1.10a84212.mp3,https://lucas-audiotool-tracks.s3.amazonaws.com/mp3/10/a8/lrxvrow1.10a84212.mp3,True,all tracks
tracks/kdcpyjw1v,remixes__kdcpyjw1v,s3://lucas-audiotool-tracks/mp3/35/fe/kdcpyjw1v.35fefe80.mp3,https://lucas-audiotool-tracks.s3.amazonaws.com/mp3/35/fe/kdcpyjw1v.35fefe80.mp3,True,Remixes
tracks/love__cliqy_mix_,remixes__love__cliqy_mix_,s3://lucas-audiotool-tracks/mp3/27/75/love__cliqy_mix.27759397.mp3,https://lucas-audiotool-tracks.s3.amazonaws.com/mp3/27/75/love__cliqy_mix.27759397.mp3,True,Remixes
tracks/b844bgmwlk,remixes__b844bgmwlk,s3://lucas-audiotool-tracks/mp3/b8/ee/b844bgmwlk.b8ee92ec.mp3,https://lucas-audiotool-tracks.s3.amazonaws.com/mp3/b8/ee/b844bgmwlk.b8ee92ec.mp3,True,Remixes
tracks/muhehehee_ddd223,remixes__muhehehee_ddd223,s3://lucas-audiotool-tracks/mp3/e8/94/muhehehee_ddd223.e8946492.mp3,https://lucas-audiotool-tracks.s3.amazonaws.com/mp3/e8/94/muhehehee_ddd223.e8946492.mp3,True,Remixes
tracks/musica1,remixes__musica1,s3://lucas-audiotool-tracks/mp3/01/47/musica1.0147385e.mp3,https://lucas-audiotool-tracks.s3.amazonaws.com/mp3/01/47/musica1.0147385e.mp3,True,Remixes
tracks/alien-aywoah8,remixes__alien-aywoah8,s3://lucas-audiotool-tracks/mp3/fd/0b/alien-aywoah8.fd0bb72f.mp3,https://lucas-audiotool-tracks.s3.amazonaws.com/mp3/fd/0b/alien-aywoah8.fd0bb72f.mp3,True,Remixes
tracks/hold_me_close_primo_meluvshadybeatx_remix-fzqsxc2,remixes__hold_me_close_primo_meluvshadybeatx_remix-fzqsxc2,s3://lucas-audiotool-tracks/mp3/00/18/hold_me_close_primo_meluvshadybeatx_remix-fzqsxc2.0018bdc1.mp3,https://lucas-audiotool-tracks.s3.amazonaws.com/mp3/00/18/hold_me_close_primo_meluvshadybeatx_remix-fzqsxc2.0018bdc1.mp3,True,Remixes
tracks/imagine-llyevwljt,remixes__imagine-llyevwljt,s3://lucas-audiotool-tracks/mp3/ab/ff/imagine-llyevwljt.abff4f44.mp3,https://lucas-audiotool-tracks.s3.amazonaws.com/mp3/ab/ff/imagine-llyevwljt.abff4f44.mp3,True,Remixes
tracks/o5l7sem5ye,remixes__o5l7sem5ye,s3://lucas-audiotool-tracks/mp3/db/c4/o5l7sem5ye.dbc4f842.mp3,https://lucas-audiotool-tracks.s3.amazonaws.com/mp3/db/c4/o5l7sem5ye.dbc4f842.mp3,True,Remixes
tracks/ocmh4p1d,remixes__ocmh4p1d,s3://lucas-audiotool-tracks/mp3/12/8c/ocmh4p1d.128cd001.mp3,https://lucas-audiotool-tracks.s3.amazonaws.com/mp3/12/8c/ocmh4p1d.128cd001.mp3,True,Remixes
tracks/memorial-eeb7x,remixes__memorial-eeb7x,s3://lucas-audiotool-tracks/mp3/13/8a/memorial-eeb7x.138a4be7.mp3,https://lucas-audiotool-tracks.s3.amazonaws.com/mp3/13/8a/memorial-eeb7x.138a4be7.mp3,True,Remixes
tracks/crazy_-_in_there_been_there_extended,remixes__crazy_-_in_there_been_there_extended,s3://lucas-audiotool-tracks/mp3/d1/cc/crazy_-_in_there_been_there_extended.d1cc3abf.mp3,https://lucas-audiotool-tracks.s3.amazonaws.com/mp3/d1/cc/crazy_-_in_there_been_there_extended.d1cc3abf.mp3,True,Remixes
tracks/6rrwvehsd,remixes__6rrwvehsd,s3://lucas-audiotool-tracks/mp3/50/01/6rrwvehsd.50010ade.mp3,https://lucas-audiotool-tracks.s3.amazonaws.com/mp3/50/01/6rrwvehsd.50010ade.mp3,True,Remixes
tracks/vibes-jycm8,remixes__vibes-jycm8,s3://lucas-audiotool-tracks/mp3/3e/45/vibes-jycm8.3e4586a5.mp3,https://lucas-audiotool-tracks.s3.amazonaws.com/mp3/3e/45/vibes-jycm8.3e4586a5.mp3,True,Remixes
tracks/adrianovic-_paradise,remixes__adrianovic-_paradise,s3://lucas-audiotool-tracks/mp3/eb/9a/adrianovic-_paradise.eb9abcf0.mp3,https://lucas-audiotool-tracks.s3.amazonaws.com/mp3/eb/9a/adrianovic-_paradise.eb9abcf0.mp3,True,Remixes
tracks/5ll214fuo,remixes__5ll214fuo,s3://lucas-audiotool-tracks/mp3/7a/5a/5ll214fuo.7a5ac77e.mp3,https://lucas-audiotool-tracks.s3.amazonaws.com/mp3/7a/5a/5ll214fuo.7a5ac77e.mp3,True,Remixes
tracks/the_orc_god_2,remixes__the_orc_god_2,s3://lucas-audiotool-tracks/mp3/c7/b3/the_orc_god_2.c7b3c82c.mp3,https://lucas-audiotool-tracks.s3.amazonaws.com/mp3/c7/b3/the_orc_god_2.c7b3c82c.mp3,True,Remixes
tracks/wash_it_clean_remix,remixes__wash_it_clean_remix,s3://lucas-audiotool-tracks/mp3/97/9e/wash_it_clean_remix.979ea788.mp3,https://lucas-audiotool-tracks.s3.amazonaws.com/mp3/97/9e/wash_it_clean_remix.979ea788.mp3,True,Remixes
tracks/j30pvf60b,remixes__j30pvf60b,s3://lucas-audiotool-tracks/mp3/a6/0d/j30pvf60b.a60dc1cc.mp3,https://lucas-audiotool-tracks.s3.amazonaws.com/mp3/a6/0d/j30pvf60b.a60dc1cc.mp3,True,Remixes
tracks/computer_friend-n0ilxk,remixes__computer_friend-n0ilxk,s3://lucas-audiotool-tracks/mp3/f4/f6/computer_friend-n0ilxk.f4f67b57.mp3,https://lucas-audiotool-tracks.s3.amazonaws.com/mp3/f4/f6/computer_friend-n0ilxk.f4f67b57.mp3,True,Remixes
tracks/old_school_dnb_attemp_experiment_2,remixes__old_school_dnb_attemp_experiment_2,s3://lucas-audiotool-tracks/mp3/e6/ea/old_school_dnb_attemp_experiment_2.e6ea80a6.mp3,https://lucas-audiotool-tracks.s3.amazonaws.com/mp3/e6/ea/old_school_dnb_attemp_experiment_2.e6ea80a6.mp3,True,Remixes
tracks/b_se_banane,remixes__b_se_banane,s3://lucas-audiotool-tracks/mp3/0e/5b/b_se_banane.0e5b9043.mp3,https://lucas-audiotool-tracks.s3.amazonaws.com/mp3/0e/5b/b_se_banane.0e5b9043.mp3,True,Remixes
tracks/2k18_mexikodro_type_beat_deathwish,remixes__2k18_mexikodro_type_beat_deathwish,s3://lucas-audiotool-tracks/mp3/6f/65/2k18_mexikodro_type_beat_deathwish.6f6562ec.mp3,https://lucas-audiotool-tracks.s3.amazonaws.com/mp3/6f/65/2k18_mexikodro_type_beat_deathwish.6f6562ec.mp3,True,Remixes
tracks/guitar,remixes__guitar,s3://lucas-audiotool-tracks/mp3/2d/48/guitar.2d483d5a.mp3,https://lucas-audiotool-tracks.s3.amazonaws.com/mp3/2d/48/guitar.2d483d5a.mp3,True,Remixes
tracks/95zycvdo,remixes__95zycvdo,s3://lucas-audiotool-tracks/mp3/5e/9a/95zycvdo.5e9a8496.mp3,https://lucas-audiotool-tracks.s3.amazonaws.com/mp3/5e/9a/95zycvdo.5e9a8496.mp3,True,Remixes
tracks/a_e_s_t_h_e_t_i_c-4xkry6,remixes__a_e_s_t_h_e_t_i_c-4xkry6,s3://lucas-audiotool-tracks/mp3/68/fb/a_e_s_t_h_e_t_i_c-4xkry6.68fb26e0.mp3,https://lucas-audiotool-tracks.s3.amazonaws.com/mp3/68/fb/a_e_s_t_h_e_t_i_c-4xkry6.68fb26e0.mp3,True,Remixes
tracks/yjhszjiklway,remixes__yjhszjiklway,s3://lucas-audiotool-tracks/mp3/9e/da/yjhszjiklway.9eda844d.mp3,https://lucas-audiotool-tracks.s3.amazonaws.com/mp3/9e/da/yjhszjiklway.9eda844d.mp3,True,Remixes
tracks/qcytox1yso6x,remixes__qcytox1yso6x,s3://lucas-audiotool-tracks/mp3/73/4b/qcytox1yso6x.734b1907.mp3,https://lucas-audiotool-tracks.s3.amazonaws.com/mp3/73/4b/qcytox1yso6x.734b1907.mp3,True,Remixes
tracks/wgwb2u5cbfh,remixes__wgwb2u5cbfh,s3://lucas-audiotool-tracks/mp3/22/b9/wgwb2u5cbfh.22b9769b.mp3,https://lucas-audiotool-tracks.s3.amazonaws.com/mp3/22/b9/wgwb2u5cbfh.22b9769b.mp3,True,Remixes
tracks/vinyl_dropping_the_bass-hvnbvgkea,remixes__vinyl_dropping_the_bass-hvnbvgkea,s3://lucas-audiotool-tracks/mp3/8e/35/vinyl_dropping_the_bass-hvnbvgkea.8e35f79d.mp3,https://lucas-audiotool-tracks.s3.amazonaws.com/mp3/8e/35/vinyl_dropping_the_bass-hvnbvgkea.8e35f79d.mp3,True,Remixes
tracks/faded-zwjcvjsl,remixes__faded-zwjcvjsl,s3://lucas-audiotool-tracks/mp3/a4/c8/faded-zwjcvjsl.a4c8d388.mp3,https://lucas-audiotool-tracks.s3.amazonaws.com/mp3/a4/c8/faded-zwjcvjsl.a4c8d388.mp3,True,Remixes
tracks/sikyon_-_sikly_ts_remix,remixes__sikyon_-_sikly_ts_remix,s3://lucas-audiotool-tracks/mp3/f3/aa/sikyon_-_sikly_ts_remix.f3aacb26.mp3,https://lucas-audiotool-tracks.s3.amazonaws.com/mp3/f3/aa/sikyon_-_sikly_ts_remix.f3aacb26.mp3,True,Remixes
tracks/buzb82818y6,remixes__buzb82818y6,s3://lucas-audiotool-tracks/mp3/bf/90/buzb82818y6.bf906e66.mp3,https://lucas-audiotool-tracks.s3.amazonaws.com/mp3/bf/90/buzb82818y6.bf906e66.mp3,True,Remixes
tracks/s9zpdsbbjsm,remixes__s9zpdsbbjsm,s3://lucas-audiotool-tracks/mp3/77/df/s9zpdsbbjsm.77df9c1f.mp3,https://lucas-audiotool-tracks.s3.amazonaws.com/mp3/77/df/s9zpdsbbjsm.77df9c1f.mp3,True,Remixes
tracks/fye2td1bkc6,remixes__fye2td1bkc6,s3://lucas-audiotool-tracks/mp3/88/95/fye2td1bkc6.88954a69.mp3,https://lucas-audiotool-tracks.s3.amazonaws.com/mp3/88/95/fye2td1bkc6.88954a69.mp3,True,Remixes
tracks/techno_sunshine__remix_,remixes__techno_sunshine__remix_,s3://lucas-audiotool-tracks/mp3/3a/14/techno_sunshine__remix.3a146be4.mp3,https://lucas-audiotool-tracks.s3.amazonaws.com/mp3/3a/14/techno_sunshine__remix.3a146be4.mp3,True,Remixes
tracks/just4roses,remixes__just4roses,s3://lucas-audiotool-tracks/mp3/94/71/just4roses.94711ba1.mp3,https://lucas-audiotool-tracks.s3.amazonaws.com/mp3/94/71/just4roses.94711ba1.mp3,True,Remixes
tracks/melo-qkihy,remixes__melo-qkihy,s3://lucas-audiotool-tracks/mp3/9d/66/melo-qkihy.9d6656e2.mp3,https://lucas-audiotool-tracks.s3.amazonaws.com/mp3/9d/66/melo-qkihy.9d6656e2.mp3,True,Remixes
tracks/eh9oms7w,remixes__eh9oms7w,s3://lucas-audiotool-tracks/mp3/f7/5f/eh9oms7w.f75f1255.mp3,https://lucas-audiotool-tracks.s3.amazonaws.com/mp3/f7/5f/eh9oms7w.f75f1255.mp3,True,Remixes
tracks/2oexycix1,remixes__2oexycix1,s3://lucas-audiotool-tracks/mp3/b3/e4/2oexycix1.b3e458cd.mp3,https://lucas-audiotool-tracks.s3.amazonaws.com/mp3/b3/e4/2oexycix1.b3e458cd.mp3,True,Remixes
tracks/deep-8i5as,remixes__deep-8i5as,s3://lucas-audiotool-tracks/mp3/3e/80/deep-8i5as.3e805ed7.mp3,https://lucas-audiotool-tracks.s3.amazonaws.com/mp3/3e/80/deep-8i5as.3e805ed7.mp3,True,Remixes
tracks/9kpzdl7gg,remixes__9kpzdl7gg,s3://lucas-audiotool-tracks/mp3/ba/5e/9kpzdl7gg.ba5e190c.mp3,https://lucas-audiotool-tracks.s3.amazonaws.com/mp3/ba/5e/9kpzdl7gg.ba5e190c.mp3,True,Remixes
tracks/3iviytvqnwsz,remixes__3iviytvqnwsz,s3://lucas-audiotool-tracks/mp3/80/ca/3iviytvqnwsz.80caed91.mp3,https://lucas-audiotool-tracks.s3.amazonaws.com/mp3/80/ca/3iviytvqnwsz.80caed91.mp3,True,Remixes
tracks/c7ak80tuqwx,remixes__c7ak80tuqwx,s3://lucas-audiotool-tracks/mp3/d8/61/c7ak80tuqwx.d861633a.mp3,https://lucas-audiotool-tracks.s3.amazonaws.com/mp3/d8/61/c7ak80tuqwx.d861633a.mp3,True,Remixes
tracks/h3h4vbw9g6,remixes__h3h4vbw9g6,s3://lucas-audiotool-tracks/mp3/87/34/h3h4vbw9g6.8734c77a.mp3,https://lucas-audiotool-tracks.s3.amazonaws.com/mp3/87/34/h3h4vbw9g6.8734c77a.mp3,True,Remixes
tracks/z5aqow4tg,remixes__z5aqow4tg,s3://lucas-audiotool-tracks/mp3/bc/cf/z5aqow4tg.bccfe458.mp3,https://lucas-audiotool-tracks.s3.amazonaws.com/mp3/bc/cf/z5aqow4tg.bccfe458.mp3,True,Remixes
tracks/emotions_remix_by_yixdee,remixes__emotions_remix_by_yixdee,s3://lucas-audiotool-tracks/mp3/3b/47/emotions_remix_by_yixdee.3b4747c9.mp3,https://lucas-audiotool-tracks.s3.amazonaws.com/mp3/3b/47/emotions_remix_by_yixdee.3b4747c9.mp3,True,Remixes
tracks/fizndpzf7fj,remixes__fizndpzf7fj,s3://lucas-audiotool-tracks/mp3/b8/49/fizndpzf7fj.b849a8a4.mp3,https://lucas-audiotool-tracks.s3.amazonaws.com/mp3/b8/49/fizndpzf7fj.b849a8a4.mp3,True,Remixes
tracks/wicy0k4pwid,remixes__wicy0k4pwid,s3://lucas-audiotool-tracks/mp3/81/2e/wicy0k4pwid.812ea410.mp3,https://lucas-audiotool-tracks.s3.amazonaws.com/mp3/81/2e/wicy0k4pwid.812ea410.mp3,True,Remixes
tracks/ocular_1_version-qeccgokuf,remixes__ocular_1_version-qeccgokuf,s3://lucas-audiotool-tracks/mp3/0a/57/ocular_1_version-qeccgokuf.0a57196a.mp3,https://lucas-audiotool-tracks.s3.amazonaws.com/mp3/0a/57/ocular_1_version-qeccgokuf.0a57196a.mp3,True,Remixes
tracks/im_so_turnt_controversy_remix,remixes__im_so_turnt_controversy_remix,s3://lucas-audiotool-tracks/mp3/1a/76/im_so_turnt_controversy_remix.1a76387f.mp3,https://lucas-audiotool-tracks.s3.amazonaws.com/mp3/1a/76/im_so_turnt_controversy_remix.1a76387f.mp3,True,Remixes
tracks/jy97p4o7godo,remixes__jy97p4o7godo,s3://lucas-audiotool-tracks/mp3/29/b3/jy97p4o7godo.29b3b6aa.mp3,https://lucas-audiotool-tracks.s3.amazonaws.com/mp3/29/b3/jy97p4o7godo.29b3b6aa.mp3,True,Remixes
tracks/1lgjxhdmluh6,remixes__1lgjxhdmluh6,s3://lucas-audiotool-tracks/mp3/86/01/1lgjxhdmluh6.86014cc8.mp3,https://lucas-audiotool-tracks.s3.amazonaws.com/mp3/86/01/1lgjxhdmluh6.86014cc8.mp3,True,Remixes
tracks/caussin,remixes__caussin,s3://lucas-audiotool-tracks/mp3/f4/19/caussin.f419497f.mp3,https://lucas-audiotool-tracks.s3.amazonaws.com/mp3/f4/19/caussin.f419497f.mp3,True,Remixes
tracks/luh_shawttyy-vx8e4,remixes__luh_shawttyy-vx8e4,s3://lucas-audiotool-tracks/mp3/66/9d/luh_shawttyy-vx8e4.669d33d1.mp3,https://lucas-audiotool-tracks.s3.amazonaws.com/mp3/66/9d/luh_shawttyy-vx8e4.669d33d1.mp3,True,Remixes
tracks/0lp0s3n5,remixes__0lp0s3n5,s3://lucas-audiotool-tracks/mp3/04/69/0lp0s3n5.046987eb.mp3,https://lucas-audiotool-tracks.s3.amazonaws.com/mp3/04/69/0lp0s3n5.046987eb.mp3,True,Remixes
tracks/vy0rvhzw,remixes__vy0rvhzw,s3://lucas-audiotool-tracks/mp3/5a/9a/vy0rvhzw.5a9a3370.mp3,https://lucas-audiotool-tracks.s3.amazonaws.com/mp3/5a/9a/vy0rvhzw.5a9a3370.mp3,True,Remixes
tracks/3mpto7o602,remixes__3mpto7o602,s3://lucas-audiotool-tracks/mp3/a2/db/3mpto7o602.a2db17df.mp3,https://lucas-audiotool-tracks.s3.amazonaws.com/mp3/a2/db/3mpto7o602.a2db17df.mp3,True,Remixes
tracks/oc2tdn7qt,remixes__oc2tdn7qt,s3://lucas-audiotool-tracks/mp3/01/0a/oc2tdn7qt.010aaab4.mp3,https://lucas-audiotool-tracks.s3.amazonaws.com/mp3/01/0a/oc2tdn7qt.010aaab4.mp3,True,Remixes
tracks/wip__830_-_retrofuturiste_part7_,remixes__wip__830_-_retrofuturiste_part7_,s3://lucas-audiotool-tracks/mp3/db/68/wip__830_-_retrofuturiste_part7.db68acad.mp3,https://lucas-audiotool-tracks.s3.amazonaws.com/mp3/db/68/wip__830_-_retrofuturiste_part7.db68acad.mp3,True,Remixes
tracks/7adghdwgq,remixes__7adghdwgq,s3://lucas-audiotool-tracks/mp3/84/41/7adghdwgq.84413548.mp3,https://lucas-audiotool-tracks.s3.amazonaws.com/mp3/84/41/7adghdwgq.84413548.mp3,True,Remixes
tracks/space-jsuyq,remixes__space-jsuyq,s3://lucas-audiotool-tracks/mp3/d1/a3/space-jsuyq.d1a3f1c4.mp3,https://lucas-audiotool-tracks.s3.amazonaws.com/mp3/d1/a3/space-jsuyq.d1a3f1c4.mp3,True,Remixes
tracks/w25gmlc,remixes__w25gmlc,s3://lucas-audiotool-tracks/mp3/1a/26/w25gmlc.1a2629cb.mp3,https://lucas-audiotool-tracks.s3.amazonaws.com/mp3/1a/26/w25gmlc.1a2629cb.mp3,True,Remixes
tracks/46watnmfac0i,remixes__46watnmfac0i,s3://lucas-audiotool-tracks/mp3/41/e4/46watnmfac0i.41e4243a.mp3,https://lucas-audiotool-tracks.s3.amazonaws.com/mp3/41/e4/46watnmfac0i.41e4243a.mp3,True,Remixes
tracks/5cxco9g3d95g,remixes__5cxco9g3d95g,s3://lucas-audiotool-tracks/mp3/d9/62/5cxco9g3d95g.d9623584.mp3,https://lucas-audiotool-tracks.s3.amazonaws.com/mp3/d9/62/5cxco9g3d95g.d9623584.mp3,True,Remixes
tracks/sasha_-_cut_me_down_niof_remix2,remixes__sasha_-_cut_me_down_niof_remix2,s3://lucas-audiotool-tracks/mp3/7d/dc/sasha_-_cut_me_down_niof_remix2.7ddc7cef.mp3,https://lucas-audiotool-tracks.s3.amazonaws.com/mp3/7d/dc/sasha_-_cut_me_down_niof_remix2.7ddc7cef.mp3,True,Remixes
tracks/callin_your_name_prod_z12,remixes__callin_your_name_prod_z12,s3://lucas-audiotool-tracks/mp3/6b/5e/callin_your_name_prod_z12.6b5e5c56.mp3,https://lucas-audiotool-tracks.s3.amazonaws.com/mp3/6b/5e/callin_your_name_prod_z12.6b5e5c56.mp3,True,Remixes
tracks/flows-f77jf,remixes__flows-f77jf,s3://lucas-audiotool-tracks/mp3/4c/38/flows-f77jf.4c38b426.mp3,https://lucas-audiotool-tracks.s3.amazonaws.com/mp3/4c/38/flows-f77jf.4c38b426.mp3,True,Remixes
tracks/t5use85pvpex,remixes__t5use85pvpex,s3://lucas-audiotool-tracks/mp3/b2/42/t5use85pvpex.b2423079.mp3,https://lucas-audiotool-tracks.s3.amazonaws.com/mp3/b2/42/t5use85pvpex.b2423079.mp3,True,Remixes
tracks/ehmvhxv2l,remixes__ehmvhxv2l,s3://lucas-audiotool-tracks/mp3/cd/a0/ehmvhxv2l.cda0ecaa.mp3,https://lucas-audiotool-tracks.s3.amazonaws.com/mp3/cd/a0/ehmvhxv2l.cda0ecaa.mp3,True,Remixes
tracks/l05ypj62l,remixes__l05ypj62l,s3://lucas-audiotool-tracks/mp3/9d/f7/l05ypj62l.9df72211.mp3,https://lucas-audiotool-tracks.s3.amazonaws.com/mp3/9d/f7/l05ypj62l.9df72211.mp3,True,Remixes
tracks/psih27pw,remixes__psih27pw,s3://lucas-audiotool-tracks/mp3/34/6f/psih27pw.346f131f.mp3,https://lucas-audiotool-tracks.s3.amazonaws.com/mp3/34/6f/psih27pw.346f131f.mp3,True,Remixes
tracks/go_away_plz,remixes__go_away_plz,s3://lucas-audiotool-tracks/mp3/7e/10/go_away_plz.7e10d860.mp3,https://lucas-audiotool-tracks.s3.amazonaws.com/mp3/7e/10/go_away_plz.7e10d860.mp3,True,Remixes
tracks/romantica_2,remixes__romantica_2,s3://lucas-audiotool-tracks/mp3/ea/34/romantica_2.ea34c1e9.mp3,https://lucas-audiotool-tracks.s3.amazonaws.com/mp3/ea/34/romantica_2.ea34c1e9.mp3,True,Remixes
tracks/0e1k4iaj,remixes__0e1k4iaj,s3://lucas-audiotool-tracks/mp3/15/35/0e1k4iaj.1535a25f.mp3,https://lucas-audiotool-tracks.s3.amazonaws.com/mp3/15/35/0e1k4iaj.1535a25f.mp3,True,Remixes
tracks/kzar7dg637x,remixes__kzar7dg637x,s3://lucas-audiotool-tracks/mp3/ea/42/kzar7dg637x.ea428870.mp3,https://lucas-audiotool-tracks.s3.amazonaws.com/mp3/ea/42/kzar7dg637x.ea428870.mp3,True,Remixes
tracks/love_generation-19d85ha,remixes__love_generation-19d85ha,s3://lucas-audiotool-tracks/mp3/35/b6/love_generation-19d85ha.35b62872.mp3,https://lucas-audiotool-tracks.s3.amazonaws.com/mp3/35/b6/love_generation-19d85ha.35b62872.mp3,True,Remixes
tracks/macfish_alec1_remix,remixes__macfish_alec1_remix,s3://lucas-audiotool-tracks/mp3/a7/14/macfish_alec1_remix.a7147200.mp3,https://lucas-audiotool-tracks.s3.amazonaws.com/mp3/a7/14/macfish_alec1_remix.a7147200.mp3,True,Remixes
tracks/jmf51lou2,remixes__jmf51lou2,s3://lucas-audiotool-tracks/mp3/b1/dc/jmf51lou2.b1dccdf0.mp3,https://lucas-audiotool-tracks.s3.amazonaws.com/mp3/b1/dc/jmf51lou2.b1dccdf0.mp3,True,Remixes
tracks/hnvp4ypu,remixes__hnvp4ypu,s3://lucas-audiotool-tracks/mp3/c6/1a/hnvp4ypu.c61acb4e.mp3,https://lucas-audiotool-tracks.s3.amazonaws.com/mp3/c6/1a/hnvp4ypu.c61acb4e.mp3,True,Remixes
tracks/doc3xg0vr,remixes__doc3xg0vr,s3://lucas-audiotool-tracks/mp3/f1/ee/doc3xg0vr.f1ee5f55.mp3,https://lucas-audiotool-tracks.s3.amazonaws.com/mp3/f1/ee/doc3xg0vr.f1ee5f55.mp3,True,Remixes
tracks/mounting_doom-kcq6d,remixes__mounting_doom-kcq6d,s3://lucas-audiotool-tracks/mp3/df/33/mounting_doom-kcq6d.df33279c.mp3,https://lucas-audiotool-tracks.s3.amazonaws.com/mp3/df/33/mounting_doom-kcq6d.df33279c.mp3,True,Remixes
tracks/9pccslkkv,remixes__9pccslkkv,s3://lucas-audiotool-tracks/mp3/b4/e4/9pccslkkv.b4e4a66e.mp3,https://lucas-audiotool-tracks.s3.amazonaws.com/mp3/b4/e4/9pccslkkv.b4e4a66e.mp3,True,Remixes
tracks/ah7xd1x0l1db,remixes__ah7xd1x0l1db,s3://lucas-audiotool-tracks/mp3/13/9a/ah7xd1x0l1db.139a248c.mp3,https://lucas-audiotool-tracks.s3.amazonaws.com/mp3/13/9a/ah7xd1x0l1db.139a248c.mp3,True,Remixes
tracks/qybnhcy4t,remixes__qybnhcy4t,s3://lucas-audiotool-tracks/mp3/c9/39/qybnhcy4t.c939e2de.mp3,https://lucas-audiotool-tracks.s3.amazonaws.com/mp3/c9/39/qybnhcy4t.c939e2de.mp3,True,Remixes
tracks/hatroit_to_detroit_lover-iioxs,remixes__hatroit_to_detroit_lover-iioxs,s3://lucas-audiotool-tracks/mp3/0a/dd/hatroit_to_detroit_lover-iioxs.0add73ec.mp3,https://lucas-audiotool-tracks.s3.amazonaws.com/mp3/0a/dd/hatroit_to_detroit_lover-iioxs.0add73ec.mp3,True,Remixes
tracks/xla32d6ila,remixes__xla32d6ila,s3://lucas-audiotool-tracks/mp3/27/59/xla32d6ila.27591cca.mp3,https://lucas-audiotool-tracks.s3.amazonaws.com/mp3/27/59/xla32d6ila.27591cca.mp3,True,Remixes
tracks/uncommon_state_dark_rework,remixes__uncommon_state_dark_rework,s3://lucas-audiotool-tracks/mp3/3c/2d/uncommon_state_dark_rework.3c2db6e5.mp3,https://lucas-audiotool-tracks.s3.amazonaws.com/mp3/3c/2d/uncommon_state_dark_rework.3c2db6e5.mp3,True,Remixes
tracks/envisage_feat_zod4x_sammy639_remix,remixes__envisage_feat_zod4x_sammy639_remix,s3://lucas-audiotool-tracks/mp3/66/b5/envisage_feat_zod4x_sammy639_remix.66b5b05c.mp3,https://lucas-audiotool-tracks.s3.amazonaws.com/mp3/66/b5/envisage_feat_zod4x_sammy639_remix.66b5b05c.mp3,True,Remixes
tracks/1esdob,remixes__1esdob,s3://lucas-audiotool-tracks/mp3/7d/e3/1esdob.7de332ad.mp3,https://lucas-audiotool-tracks.s3.amazonaws.com/mp3/7d/e3/1esdob.7de332ad.mp3,True,Remixes
tracks/zwlnqajd13fu,remixes__zwlnqajd13fu,s3://lucas-audiotool-tracks/mp3/c7/fe/zwlnqajd13fu.c7fef832.mp3,https://lucas-audiotool-tracks.s3.amazonaws.com/mp3/c7/fe/zwlnqajd13fu.c7fef832.mp3,True,Remixes
tracks/arrange_this_updated,remixes__arrange_this_updated,s3://lucas-audiotool-tracks/mp3/0a/00/arrange_this_updated.0a00e893.mp3,https://lucas-audiotool-tracks.s3.amazonaws.com/mp3/0a/00/arrange_this_updated.0a00e893.mp3,True,Remixes
tracks/sinkwhole,remixes__sinkwhole,s3://lucas-audiotool-tracks/mp3/fb/21/sinkwhole.fb21020b.mp3,https://lucas-audiotool-tracks.s3.amazonaws.com/mp3/fb/21/sinkwhole.fb21020b.mp3,True,Remixes
tracks/71l9v1ds,remixes__71l9v1ds,s3://lucas-audiotool-tracks/mp3/2c/af/71l9v1ds.2caf94a3.mp3,https://lucas-audiotool-tracks.s3.amazonaws.com/mp3/2c/af/71l9v1ds.2caf94a3.mp3,True,Remixes
tracks/y7bo94dalpj,remixes__y7bo94dalpj,s3://lucas-audiotool-tracks/mp3/62/3d/y7bo94dalpj.623d0301.mp3,https://lucas-audiotool-tracks.s3.amazonaws.com/mp3/62/3d/y7bo94dalpj.623d0301.mp3,True,Remixes
tracks/14qwv055,remixes__14qwv055,s3://lucas-audiotool-tracks/mp3/fb/5d/14qwv055.fb5d003e.mp3,https://lucas-audiotool-tracks.s3.amazonaws.com/mp3/fb/5d/14qwv055.fb5d003e.mp3,True,Remixes
tracks/katana-zstpn7,remixes__katana-zstpn7,s3://lucas-audiotool-tracks/mp3/00/ba/katana-zstpn7.00ba1b14.mp3,https://lucas-audiotool-tracks.s3.amazonaws.com/mp3/00/ba/katana-zstpn7.00ba1b14.mp3,True,Remixes
tracks/super_mario_theme_drumstep_remix,remixes__super_mario_theme_drumstep_remix,s3://lucas-audiotool-tracks/mp3/e2/fd/super_mario_theme_drumstep_remix.e2fdca14.mp3,https://lucas-audiotool-tracks.s3.amazonaws.com/mp3/e2/fd/super_mario_theme_drumstep_remix.e2fdca14.mp3,True,Remixes
tracks/5q64497n,remixes__5q64497n,s3://lucas-audiotool-tracks/mp3/d3/ff/5q64497n.d3ffe111.mp3,https://lucas-audiotool-tracks.s3.amazonaws.com/mp3/d3/ff/5q64497n.d3ffe111.mp3,True,Remixes
tracks/sklq6f21t0,remixes__sklq6f21t0,s3://lucas-audiotool-tracks/mp3/f3/e1/sklq6f21t0.f3e1c95b.mp3,https://lucas-audiotool-tracks.s3.amazonaws.com/mp3/f3/e1/sklq6f21t0.f3e1c95b.mp3,True,Remixes
tracks/groove_to_the_dark,remixes__groove_to_the_dark,s3://lucas-audiotool-tracks/mp3/c4/9f/groove_to_the_dark.c49f582d.mp3,https://lucas-audiotool-tracks.s3.amazonaws.com/mp3/c4/9f/groove_to_the_dark.c49f582d.mp3,True,Remixes
tracks/wuiwgj13iz,remixes__wuiwgj13iz,s3://lucas-audiotool-tracks/mp3/e9/3b/wuiwgj13iz.e93b00ca.mp3,https://lucas-audiotool-tracks.s3.amazonaws.com/mp3/e9/3b/wuiwgj13iz.e93b00ca.mp3,True,Remixes
tracks/r83hj7rjbuj,remixes__r83hj7rjbuj,s3://lucas-audiotool-tracks/mp3/f4/77/r83hj7rjbuj.f477afed.mp3,https://lucas-audiotool-tracks.s3.amazonaws.com/mp3/f4/77/r83hj7rjbuj.f477afed.mp3,True,Remixes
tracks/qcjy8uxujsn,remixes__qcjy8uxujsn,s3://lucas-audiotool-tracks/mp3/df/e7/qcjy8uxujsn.dfe73b29.mp3,https://lucas-audiotool-tracks.s3.amazonaws.com/mp3/df/e7/qcjy8uxujsn.dfe73b29.mp3,True,Remixes
tracks/for_the_things_i_do_not_know-z5ggpdn,remixes__for_the_things_i_do_not_know-z5ggpdn,s3://lucas-audiotool-tracks/mp3/f0/5d/for_the_things_i_do_not_know-z5ggpdn.f05d603d.mp3,https://lucas-audiotool-tracks.s3.amazonaws.com/mp3/f0/5d/for_the_things_i_do_not_know-z5ggpdn.f05d603d.mp3,True,Remixes
tracks/daydream-remix,remixes__daydream-remix,s3://lucas-audiotool-tracks/mp3/ea/33/daydream-remix.ea3364f0.mp3,https://lucas-audiotool-tracks.s3.amazonaws.com/mp3/ea/33/daydream-remix.ea3364f0.mp3,True,Remixes
tracks/3zxyliw0o28,remixes__3zxyliw0o28,s3://lucas-audiotool-tracks/mp3/5a/47/3zxyliw0o28.5a47558c.mp3,https://lucas-audiotool-tracks.s3.amazonaws.com/mp3/5a/47/3zxyliw0o28.5a47558c.mp3,True,Remixes
tracks/5xod2z7mled,remixes__5xod2z7mled,s3://lucas-audiotool-tracks/mp3/6e/c0/5xod2z7mled.6ec0e1c5.mp3,https://lucas-audiotool-tracks.s3.amazonaws.com/mp3/6e/c0/5xod2z7mled.6ec0e1c5.mp3,True,Remixes
tracks/untitled-2cbul8,remixes__untitled-2cbul8,s3://lucas-audiotool-tracks/mp3/3e/bf/untitled-2cbul8.3ebf94dd.mp3,https://lucas-audiotool-tracks.s3.amazonaws.com/mp3/3e/bf/untitled-2cbul8.3ebf94dd.mp3,True,Remixes
tracks/j2dptvno2yv,remixes__j2dptvno2yv,s3://lucas-audiotool-tracks/mp3/c7/3b/j2dptvno2yv.c73b64cc.mp3,https://lucas-audiotool-tracks.s3.amazonaws.com/mp3/c7/3b/j2dptvno2yv.c73b64cc.mp3,True,Remixes
tracks/4oa6b0xry,remixes__4oa6b0xry,s3://lucas-audiotool-tracks/mp3/bb/c9/4oa6b0xry.bbc90485.mp3,https://lucas-audiotool-tracks.s3.amazonaws.com/mp3/bb/c9/4oa6b0xry.bbc90485.mp3,True,Remixes
tracks/drm_gaze_-v-hazard_redux-v-,remixes__drm_gaze_-v-hazard_redux-v-,s3://lucas-audiotool-tracks/mp3/2e/b8/drm_gaze_-v-hazard_redux-v-.2eb86518.mp3,https://lucas-audiotool-tracks.s3.amazonaws.com/mp3/2e/b8/drm_gaze_-v-hazard_redux-v-.2eb86518.mp3,True,Remixes
tracks/u2tgz3gzs,remixes__u2tgz3gzs,s3://lucas-audiotool-tracks/mp3/4a/6d/u2tgz3gzs.4a6d31ac.mp3,https://lucas-audiotool-tracks.s3.amazonaws.com/mp3/4a/6d/u2tgz3gzs.4a6d31ac.mp3,True,Remixes
tracks/suave_plume_jppk_remix_isn_t_for_the_contest,remixes__suave_plume_jppk_remix_isn_t_for_the_contest,s3://lucas-audiotool-tracks/mp3/2d/3e/suave_plume_jppk_remix_isn_t_for_the_contest.2d3ed884.mp3,https://lucas-audiotool-tracks.s3.amazonaws.com/mp3/2d/3e/suave_plume_jppk_remix_isn_t_for_the_contest.2d3ed884.mp3,True,Remixes
tracks/3edml4qe,remixes__3edml4qe,s3://lucas-audiotool-tracks/mp3/39/bb/3edml4qe.39bbada4.mp3,https://lucas-audiotool-tracks.s3.amazonaws.com/mp3/39/bb/3edml4qe.39bbada4.mp3,True,Remixes
tracks/207qfguzug,remixes__207qfguzug,s3://lucas-audiotool-tracks/mp3/ef/38/207qfguzug.ef386585.mp3,https://lucas-audiotool-tracks.s3.amazonaws.com/mp3/ef/38/207qfguzug.ef386585.mp3,True,Remixes
tracks/project1remixix,remixes__project1remixix,s3://lucas-audiotool-tracks/mp3/7d/5a/project1remixix.7d5a7ca1.mp3,https://lucas-audiotool-tracks.s3.amazonaws.com/mp3/7d/5a/project1remixix.7d5a7ca1.mp3,True,Remixes
tracks/wzeudgqtj,remixes__wzeudgqtj,s3://lucas-audiotool-tracks/mp3/05/93/wzeudgqtj.05931f63.mp3,https://lucas-audiotool-tracks.s3.amazonaws.com/mp3/05/93/wzeudgqtj.05931f63.mp3,True,Remixes
tracks/universe_five_extended_version,remixes__universe_five_extended_version,s3://lucas-audiotool-tracks/mp3/e0/82/universe_five_extended_version.e082a679.mp3,https://lucas-audiotool-tracks.s3.amazonaws.com/mp3/e0/82/universe_five_extended_version.e082a679.mp3,True,Remixes
tracks/remix_this_song_for_a_virtual_carrot_j47_remix_smiley_cat_remix_aringrey_remix_dubmid_remix,remixes__remix_this_song_for_a_virtual_carrot_j47_remix_smiley_cat_remix_aringrey_remix_dubmid_remix,s3://lucas-audiotool-tracks/mp3/b0/0c/remix_this_song_for_a_virtual_carrot_j47_remix_smiley_cat_remix_aringrey_remix_dubmid_remix.b00cd725.mp3,https://lucas-audiotool-tracks.s3.amazonaws.com/mp3/b0/0c/remix_this_song_for_a_virtual_carrot_j47_remix_smiley_cat_remix_aringrey_remix_dubmid_remix.b00cd725.mp3,True,Remixes
tracks/acid9_2mee,remixes__acid9_2mee,s3://lucas-audiotool-tracks/mp3/f1/ee/acid9_2mee.f1eecb17.mp3,https://lucas-audiotool-tracks.s3.amazonaws.com/mp3/f1/ee/acid9_2mee.f1eecb17.mp3,True,Remixes
tracks/6ogcyevhd1,remixes__6ogcyevhd1,s3://lucas-audiotool-tracks/mp3/52/e2/6ogcyevhd1.52e240c5.mp3,https://lucas-audiotool-tracks.s3.amazonaws.com/mp3/52/e2/6ogcyevhd1.52e240c5.mp3,True,Remixes
tracks/channel_music_longer_version,remixes__channel_music_longer_version,s3://lucas-audiotool-tracks/mp3/2b/fa/channel_music_longer_version.2bfa51fa.mp3,https://lucas-audiotool-tracks.s3.amazonaws.com/mp3/2b/fa/channel_music_longer_version.2bfa51fa.mp3,True,Remixes
tracks/bmpcw7ov,remixes__bmpcw7ov,s3://lucas-audiotool-tracks/mp3/70/e6/bmpcw7ov.70e6076d.mp3,https://lucas-audiotool-tracks.s3.amazonaws.com/mp3/70/e6/bmpcw7ov.70e6076d.mp3,True,Remixes
tracks/strings_mr_standfast__prepared_piano_and,remixes__strings_mr_standfast__prepared_piano_and,s3://lucas-audiotool-tracks/mp3/d8/89/strings_mr_standfast__prepared_piano_and.d889284c.mp3,https://lucas-audiotool-tracks.s3.amazonaws.com/mp3/d8/89/strings_mr_standfast__prepared_piano_and.d889284c.mp3,True,Remixes
tracks/8ij5b1kw1la,remixes__8ij5b1kw1la,s3://lucas-audiotool-tracks/mp3/24/8d/8ij5b1kw1la.248df536.mp3,https://lucas-audiotool-tracks.s3.amazonaws.com/mp3/24/8d/8ij5b1kw1la.248df536.mp3,True,Remixes
tracks/uzi_by_2wavyjamil_distorted_as_frick,remixes__uzi_by_2wavyjamil_distorted_as_frick,s3://lucas-audiotool-tracks/mp3/1c/2d/uzi_by_2wavyjamil_distorted_as_frick.1c2d85a8.mp3,https://lucas-audiotool-tracks.s3.amazonaws.com/mp3/1c/2d/uzi_by_2wavyjamil_distorted_as_frick.1c2d85a8.mp3,True,Remixes
tracks/l491wtudbu,remixes__l491wtudbu,s3://lucas-audiotool-tracks/mp3/88/4c/l491wtudbu.884c1aa0.mp3,https://lucas-audiotool-tracks.s3.amazonaws.com/mp3/88/4c/l491wtudbu.884c1aa0.mp3,True,Remixes
tracks/br5digdfp0,remixes__br5digdfp0,s3://lucas-audiotool-tracks/mp3/bc/0a/br5digdfp0.bc0ab736.mp3,https://lucas-audiotool-tracks.s3.amazonaws.com/mp3/bc/0a/br5digdfp0.bc0ab736.mp3,True,Remixes
tracks/draft_bayl_w_kicks,remixes__draft_bayl_w_kicks,s3://lucas-audiotool-tracks/mp3/be/91/draft_bayl_w_kicks.be91e00c.mp3,https://lucas-audiotool-tracks.s3.amazonaws.com/mp3/be/91/draft_bayl_w_kicks.be91e00c.mp3,True,Remixes
tracks/the_adderall_remix,remixes__the_adderall_remix,s3://lucas-audiotool-tracks/mp3/76/12/the_adderall_remix.7612fbe7.mp3,https://lucas-audiotool-tracks.s3.amazonaws.com/mp3/76/12/the_adderall_remix.7612fbe7.mp3,True,Remixes
tracks/kzxsnjc39,remixes__kzxsnjc39,s3://lucas-audiotool-tracks/mp3/fe/f1/kzxsnjc39.fef14854.mp3,https://lucas-audiotool-tracks.s3.amazonaws.com/mp3/fe/f1/kzxsnjc39.fef14854.mp3,True,Remixes
tracks/midnight_assault_update,remixes__midnight_assault_update,s3://lucas-audiotool-tracks/mp3/54/92/midnight_assault_update.549294bb.mp3,https://lucas-audiotool-tracks.s3.amazonaws.com/mp3/54/92/midnight_assault_update.549294bb.mp3,True,Remixes
tracks/fscshvomz3,remixes__fscshvomz3,s3://lucas-audiotool-tracks/mp3/df/08/fscshvomz3.df08f82f.mp3,https://lucas-audiotool-tracks.s3.amazonaws.com/mp3/df/08/fscshvomz3.df08f82f.mp3,True,Remixes
tracks/umbra-2bgv5xz,remixes__umbra-2bgv5xz,s3://lucas-audiotool-tracks/mp3/16/86/umbra-2bgv5xz.16860e70.mp3,https://lucas-audiotool-tracks.s3.amazonaws.com/mp3/16/86/umbra-2bgv5xz.16860e70.mp3,True,Remixes
tracks/21_sava_pew_im_up,remixes__21_sava_pew_im_up,s3://lucas-audiotool-tracks/mp3/cd/04/21_sava_pew_im_up.cd042d3f.mp3,https://lucas-audiotool-tracks.s3.amazonaws.com/mp3/cd/04/21_sava_pew_im_up.cd042d3f.mp3,True,Remixes
tracks/fkk9rt3eakbq,remixes__fkk9rt3eakbq,s3://lucas-audiotool-tracks/mp3/8b/a2/fkk9rt3eakbq.8ba28e98.mp3,https://lucas-audiotool-tracks.s3.amazonaws.com/mp3/8b/a2/fkk9rt3eakbq.8ba28e98.mp3,True,Remixes
tracks/cold_as_hell,remixes__cold_as_hell,s3://lucas-audiotool-tracks/mp3/ae/60/cold_as_hell.ae609d4f.mp3,https://lucas-audiotool-tracks.s3.amazonaws.com/mp3/ae/60/cold_as_hell.ae609d4f.mp3,True,Remixes
tracks/72vo7sz7to1,remixes__72vo7sz7to1,s3://lucas-audiotool-tracks/mp3/f4/47/72vo7sz7to1.f4472927.mp3,https://lucas-audiotool-tracks.s3.amazonaws.com/mp3/f4/47/72vo7sz7to1.f4472927.mp3,True,Remixes
tracks/wvnk0sjp1,remixes__wvnk0sjp1,s3://lucas-audiotool-tracks/mp3/ce/04/wvnk0sjp1.ce04a89a.mp3,https://lucas-audiotool-tracks.s3.amazonaws.com/mp3/ce/04/wvnk0sjp1.ce04a89a.mp3,True,Remixes
tracks/nep_nep_s_new_battle_music,remixes__nep_nep_s_new_battle_music,s3://lucas-audiotool-tracks/mp3/dc/7e/nep_nep_s_new_battle_music.dc7e3300.mp3,https://lucas-audiotool-tracks.s3.amazonaws.com/mp3/dc/7e/nep_nep_s_new_battle_music.dc7e3300.mp3,True,Remixes
tracks/melody_garretts,remixes__melody_garretts,s3://lucas-audiotool-tracks/mp3/68/3a/melody_garretts.683a8a24.mp3,https://lucas-audiotool-tracks.s3.amazonaws.com/mp3/68/3a/melody_garretts.683a8a24.mp3,True,Remixes
tracks/air_feat_zerod-j14iv07,remixes__air_feat_zerod-j14iv07,s3://lucas-audiotool-tracks/mp3/69/30/air_feat_zerod-j14iv07.693032d2.mp3,https://lucas-audiotool-tracks.s3.amazonaws.com/mp3/69/30/air_feat_zerod-j14iv07.693032d2.mp3,True,Remixes
tracks/20100406sunnyday-5o8cp,remixes__20100406sunnyday-5o8cp,s3://lucas-audiotool-tracks/mp3/90/28/20100406sunnyday-5o8cp.9028a4d9.mp3,https://lucas-audiotool-tracks.s3.amazonaws.com/mp3/90/28/20100406sunnyday-5o8cp.9028a4d9.mp3,True,Remixes
tracks/x8kdcvjr,remixes__x8kdcvjr,s3://lucas-audiotool-tracks/mp3/74/dd/x8kdcvjr.74dd5946.mp3,https://lucas-audiotool-tracks.s3.amazonaws.com/mp3/74/dd/x8kdcvjr.74dd5946.mp3,True,Remixes
tracks/ctl6g1fsogb,remixes__ctl6g1fsogb,s3://lucas-audiotool-tracks/mp3/b8/50/ctl6g1fsogb.b85069d4.mp3,https://lucas-audiotool-tracks.s3.amazonaws.com/mp3/b8/50/ctl6g1fsogb.b85069d4.mp3,True,Remixes
tracks/po_v_5,remixes__po_v_5,s3://lucas-audiotool-tracks/mp3/6c/b4/po_v_5.6cb41e92.mp3,https://lucas-audiotool-tracks.s3.amazonaws.com/mp3/6c/b4/po_v_5.6cb41e92.mp3,True,Remixes
tracks/jvqr1br6tbd,remixes__jvqr1br6tbd,s3://lucas-audiotool-tracks/mp3/d3/d1/jvqr1br6tbd.d3d1ad1e.mp3,https://lucas-audiotool-tracks.s3.amazonaws.com/mp3/d3/d1/jvqr1br6tbd.d3d1ad1e.mp3,True,Remixes
tracks/beast_mode_uzi,remixes__beast_mode_uzi,s3://lucas-audiotool-tracks/mp3/32/a3/beast_mode_uzi.32a36667.mp3,https://lucas-audiotool-tracks.s3.amazonaws.com/mp3/32/a3/beast_mode_uzi.32a36667.mp3,True,Remixes
tracks/ysn-jn6uy9kp,remixes__ysn-jn6uy9kp,s3://lucas-audiotool-tracks/mp3/23/0b/ysn-jn6uy9kp.230b950c.mp3,https://lucas-audiotool-tracks.s3.amazonaws.com/mp3/23/0b/ysn-jn6uy9kp.230b950c.mp3,True,Remixes
tracks/5nnxxrgx05fk,remixes__5nnxxrgx05fk,s3://lucas-audiotool-tracks/mp3/ae/79/5nnxxrgx05fk.ae790199.mp3,https://lucas-audiotool-tracks.s3.amazonaws.com/mp3/ae/79/5nnxxrgx05fk.ae790199.mp3,True,Remixes
tracks/_-n1rl2,remixes___-n1rl2,s3://lucas-audiotool-tracks/mp3/49/f0/-n1rl2.49f0e389.mp3,https://lucas-audiotool-tracks.s3.amazonaws.com/mp3/49/f0/-n1rl2.49f0e389.mp3,True,Remixes
tracks/zzi7m8v3iw,remixes__zzi7m8v3iw,s3://lucas-audiotool-tracks/mp3/4a/15/zzi7m8v3iw.4a15e425.mp3,https://lucas-audiotool-tracks.s3.amazonaws.com/mp3/4a/15/zzi7m8v3iw.4a15e425.mp3,True,Remixes
tracks/between_the_lines,remixes__between_the_lines,s3://lucas-audiotool-tracks/mp3/5d/c3/between_the_lines.5dc330e1.mp3,https://lucas-audiotool-tracks.s3.amazonaws.com/mp3/5d/c3/between_the_lines.5dc330e1.mp3,True,Remixes
tracks/remixhhs,remixes__remixhhs,s3://lucas-audiotool-tracks/mp3/d5/c3/remixhhs.d5c3679b.mp3,https://lucas-audiotool-tracks.s3.amazonaws.com/mp3/d5/c3/remixhhs.d5c3679b.mp3,True,Remixes
tracks/pjtpa6w7vr52,remixes__pjtpa6w7vr52,s3://lucas-audiotool-tracks/mp3/28/7e/pjtpa6w7vr52.287eb663.mp3,https://lucas-audiotool-tracks.s3.amazonaws.com/mp3/28/7e/pjtpa6w7vr52.287eb663.mp3,True,Remixes
tracks/222-x7k5o7,remixes__222-x7k5o7,s3://lucas-audiotool-tracks/mp3/69/0e/222-x7k5o7.690e181a.mp3,https://lucas-audiotool-tracks.s3.amazonaws.com/mp3/69/0e/222-x7k5o7.690e181a.mp3,True,Remixes
tracks/make_the_connections_formative_assessment_1_4_aacps-zwmyh,remixes__make_the_connections_formative_assessment_1_4_aacps-zwmyh,s3://lucas-audiotool-tracks/mp3/80/a9/make_the_connections_formative_assessment_1_4_aacps-zwmyh.80a9223c.mp3,https://lucas-audiotool-tracks.s3.amazonaws.com/mp3/80/a9/make_the_connections_formative_assessment_1_4_aacps-zwmyh.80a9223c.mp3,True,Remixes
tracks/the_music_piper_mazarati_300_don_hazel_rec,remixes__the_music_piper_mazarati_300_don_hazel_rec,s3://lucas-audiotool-tracks/mp3/85/0f/the_music_piper_mazarati_300_don_hazel_rec.850fac72.mp3,https://lucas-audiotool-tracks.s3.amazonaws.com/mp3/85/0f/the_music_piper_mazarati_300_don_hazel_rec.850fac72.mp3,True,Remixes
tracks/pierre_bourne_type_beat_honeyberry_pt3,remixes__pierre_bourne_type_beat_honeyberry_pt3,s3://lucas-audiotool-tracks/mp3/4e/9e/pierre_bourne_type_beat_honeyberry_pt3.4e9ee63a.mp3,https://lucas-audiotool-tracks.s3.amazonaws.com/mp3/4e/9e/pierre_bourne_type_beat_honeyberry_pt3.4e9ee63a.mp3,True,Remixes
tracks/no_firepower-fcaop,remixes__no_firepower-fcaop,s3://lucas-audiotool-tracks/mp3/48/6d/no_firepower-fcaop.486d962e.mp3,https://lucas-audiotool-tracks.s3.amazonaws.com/mp3/48/6d/no_firepower-fcaop.486d962e.mp3,True,Remixes
tracks/w9nr4s6p3hut,remixes__w9nr4s6p3hut,s3://lucas-audiotool-tracks/mp3/c0/27/w9nr4s6p3hut.c0271d36.mp3,https://lucas-audiotool-tracks.s3.amazonaws.com/mp3/c0/27/w9nr4s6p3hut.c0271d36.mp3,True,Remixes
tracks/do_you_love_me_feeling_you,remixes__do_you_love_me_feeling_you,s3://lucas-audiotool-tracks/mp3/5b/fd/do_you_love_me_feeling_you.5bfd7dad.mp3,https://lucas-audiotool-tracks.s3.amazonaws.com/mp3/5b/fd/do_you_love_me_feeling_you.5bfd7dad.mp3,True,Remixes
tracks/vshwhpd6ub8i,remixes__vshwhpd6ub8i,s3://lucas-audiotool-tracks/mp3/2e/bd/vshwhpd6ub8i.2ebdc13a.mp3,https://lucas-audiotool-tracks.s3.amazonaws.com/mp3/2e/bd/vshwhpd6ub8i.2ebdc13a.mp3,True,Remixes
tracks/audio_assignment_2,remixes__audio_assignment_2,s3://lucas-audiotool-tracks/mp3/0f/f5/audio_assignment_2.0ff5ddb4.mp3,https://lucas-audiotool-tracks.s3.amazonaws.com/mp3/0f/f5/audio_assignment_2.0ff5ddb4.mp3,True,Remixes
tracks/tu0q84q1f2s,remixes__tu0q84q1f2s,s3://lucas-audiotool-tracks/mp3/8a/67/tu0q84q1f2s.8a67bd5d.mp3,https://lucas-audiotool-tracks.s3.amazonaws.com/mp3/8a/67/tu0q84q1f2s.8a67bd5d.mp3,True,Remixes
tracks/lift_off_mirabbi_astro_rework,remixes__lift_off_mirabbi_astro_rework,s3://lucas-audiotool-tracks/mp3/a7/2e/lift_off_mirabbi_astro_rework.a72e5c49.mp3,https://lucas-audiotool-tracks.s3.amazonaws.com/mp3/a7/2e/lift_off_mirabbi_astro_rework.a72e5c49.mp3,True,Remixes
tracks/y2,remixes__y2,s3://lucas-audiotool-tracks/mp3/3a/c7/y2.3ac7430e.mp3,https://lucas-audiotool-tracks.s3.amazonaws.com/mp3/3a/c7/y2.3ac7430e.mp3,True,Remixes
tracks/hgrwjz4wvwzj,remixes__hgrwjz4wvwzj,s3://lucas-audiotool-tracks/mp3/db/c9/hgrwjz4wvwzj.dbc9e45a.mp3,https://lucas-audiotool-tracks.s3.amazonaws.com/mp3/db/c9/hgrwjz4wvwzj.dbc9e45a.mp3,True,Remixes
tracks/interlude_inst-dr2pr,remixes__interlude_inst-dr2pr,s3://lucas-audiotool-tracks/mp3/f7/5b/interlude_inst-dr2pr.f75bc48d.mp3,https://lucas-audiotool-tracks.s3.amazonaws.com/mp3/f7/5b/interlude_inst-dr2pr.f75bc48d.mp3,True,Remixes
tracks/porter_robinson_-_flicker_remix_remix_competition-xnnijyonj,remixes__porter_robinson_-_flicker_remix_remix_competition-xnnijyonj,s3://lucas-audiotool-tracks/mp3/22/78/porter_robinson_-_flicker_remix_remix_competition-xnnijyonj.2278550c.mp3,https://lucas-audiotool-tracks.s3.amazonaws.com/mp3/22/78/porter_robinson_-_flicker_remix_remix_competition-xnnijyonj.2278550c.mp3,True,Remixes
tracks/keyboard_and_percussion_composition_loop_extended,remixes__keyboard_and_percussion_composition_loop_extended,s3://lucas-audiotool-tracks/mp3/76/a6/keyboard_and_percussion_composition_loop_extended.76a67fb6.mp3,https://lucas-audiotool-tracks.s3.amazonaws.com/mp3/76/a6/keyboard_and_percussion_composition_loop_extended.76a67fb6.mp3,True,Remixes
tracks/lahkq8fa78,remixes__lahkq8fa78,s3://lucas-audiotool-tracks/mp3/11/b2/lahkq8fa78.11b23c69.mp3,https://lucas-audiotool-tracks.s3.amazonaws.com/mp3/11/b2/lahkq8fa78.11b23c69.mp3,True,Remixes
tracks/nostalgia_tomaki_edit_official,remixes__nostalgia_tomaki_edit_official,s3://lucas-audiotool-tracks/mp3/3e/62/nostalgia_tomaki_edit_official.3e62e55c.mp3,https://lucas-audiotool-tracks.s3.amazonaws.com/mp3/3e/62/nostalgia_tomaki_edit_official.3e62e55c.mp3,True,Remixes
tracks/confumind-fwgm7,remixes__confumind-fwgm7,s3://lucas-audiotool-tracks/mp3/86/fd/confumind-fwgm7.86fd9540.mp3,https://lucas-audiotool-tracks.s3.amazonaws.com/mp3/86/fd/confumind-fwgm7.86fd9540.mp3,True,Remixes
tracks/u8v257lkc8r,remixes__u8v257lkc8r,s3://lucas-audiotool-tracks/mp3/b7/93/u8v257lkc8r.b7930430.mp3,https://lucas-audiotool-tracks.s3.amazonaws.com/mp3/b7/93/u8v257lkc8r.b7930430.mp3,True,Remixes
tracks/smt781vs9,remixes__smt781vs9,s3://lucas-audiotool-tracks/mp3/36/f8/smt781vs9.36f82b18.mp3,https://lucas-audiotool-tracks.s3.amazonaws.com/mp3/36/f8/smt781vs9.36f82b18.mp3,True,Remixes
tracks/9au2tb9re1,remixes__9au2tb9re1,s3://lucas-audiotool-tracks/mp3/ef/23/9au2tb9re1.ef23e863.mp3,https://lucas-audiotool-tracks.s3.amazonaws.com/mp3/ef/23/9au2tb9re1.ef23e863.mp3,True,Remixes
tracks/lavender_town-qqhok,remixes__lavender_town-qqhok,s3://lucas-audiotool-tracks/mp3/ab/bd/lavender_town-qqhok.abbd50fb.mp3,https://lucas-audiotool-tracks.s3.amazonaws.com/mp3/ab/bd/lavender_town-qqhok.abbd50fb.mp3,True,Remixes
tracks/zhiz19ru,remixes__zhiz19ru,s3://lucas-audiotool-tracks/mp3/ef/df/zhiz19ru.efdf0b13.mp3,https://lucas-audiotool-tracks.s3.amazonaws.com/mp3/ef/df/zhiz19ru.efdf0b13.mp3,True,Remixes
tracks/uxdnkzkxzo,remixes__uxdnkzkxzo,s3://lucas-audiotool-tracks/mp3/dc/eb/uxdnkzkxzo.dceb0dea.mp3,https://lucas-audiotool-tracks.s3.amazonaws.com/mp3/dc/eb/uxdnkzkxzo.dceb0dea.mp3,True,Remixes
tracks/boring_days,remixes__boring_days,s3://lucas-audiotool-tracks/mp3/60/47/boring_days.6047a1b7.mp3,https://lucas-audiotool-tracks.s3.amazonaws.com/mp3/60/47/boring_days.6047a1b7.mp3,True,Remixes
tracks/ljpxdc7c0x,remixes__ljpxdc7c0x,s3://lucas-audiotool-tracks/mp3/72/b3/ljpxdc7c0x.72b37fd8.mp3,https://lucas-audiotool-tracks.s3.amazonaws.com/mp3/72/b3/ljpxdc7c0x.72b37fd8.mp3,True,Remixes
tracks/t0s92vc3cdfj,remixes__t0s92vc3cdfj,s3://lucas-audiotool-tracks/mp3/a6/de/t0s92vc3cdfj.a6de243d.mp3,https://lucas-audiotool-tracks.s3.amazonaws.com/mp3/a6/de/t0s92vc3cdfj.a6de243d.mp3,True,Remixes
tracks/tkx2qidqcg,remixes__tkx2qidqcg,s3://lucas-audiotool-tracks/mp3/e9/ba/tkx2qidqcg.e9ba0716.mp3,https://lucas-audiotool-tracks.s3.amazonaws.com/mp3/e9/ba/tkx2qidqcg.e9ba0716.mp3,True,Remixes
tracks/dubcandy_azzect_remix,remixes__dubcandy_azzect_remix,s3://lucas-audiotool-tracks/mp3/57/dc/dubcandy_azzect_remix.57dcc444.mp3,https://lucas-audiotool-tracks.s3.amazonaws.com/mp3/57/dc/dubcandy_azzect_remix.57dcc444.mp3,True,Remixes
tracks/3pn4mtvsenk1,remixes__3pn4mtvsenk1,s3://lucas-audiotool-tracks/mp3/7a/3c/3pn4mtvsenk1.7a3c916c.mp3,https://lucas-audiotool-tracks.s3.amazonaws.com/mp3/7a/3c/3pn4mtvsenk1.7a3c916c.mp3,True,Remixes
tracks/qoxlmxqwz8yz,remixes__qoxlmxqwz8yz,s3://lucas-audiotool-tracks/mp3/ef/1a/qoxlmxqwz8yz.ef1a096e.mp3,https://lucas-audiotool-tracks.s3.amazonaws.com/mp3/ef/1a/qoxlmxqwz8yz.ef1a096e.mp3,True,Remixes
tracks/count_floyd_-_littlesunsetmelody_extende,remixes__count_floyd_-_littlesunsetmelody_extende,s3://lucas-audiotool-tracks/mp3/88/89/count_floyd_-_littlesunsetmelody_extende.8889c8ef.mp3,https://lucas-audiotool-tracks.s3.amazonaws.com/mp3/88/89/count_floyd_-_littlesunsetmelody_extende.8889c8ef.mp3,True,Remixes
tracks/w079iy6vcj,remixes__w079iy6vcj,s3://lucas-audiotool-tracks/mp3/3d/2f/w079iy6vcj.3d2fc477.mp3,https://lucas-audiotool-tracks.s3.amazonaws.com/mp3/3d/2f/w079iy6vcj.3d2fc477.mp3,True,Remixes
tracks/damwn5ulaaio,remixes__damwn5ulaaio,s3://lucas-audiotool-tracks/mp3/62/fb/damwn5ulaaio.62fb83bb.mp3,https://lucas-audiotool-tracks.s3.amazonaws.com/mp3/62/fb/damwn5ulaaio.62fb83bb.mp3,True,Remixes
tracks/we_mobb_deep_pt2_fetta_gng_muzic,remixes__we_mobb_deep_pt2_fetta_gng_muzic,s3://lucas-audiotool-tracks/mp3/77/5d/we_mobb_deep_pt2_fetta_gng_muzic.775d5a8b.mp3,https://lucas-audiotool-tracks.s3.amazonaws.com/mp3/77/5d/we_mobb_deep_pt2_fetta_gng_muzic.775d5a8b.mp3,True,Remixes
tracks/moon_river-y9hnpcq1e,remixes__moon_river-y9hnpcq1e,s3://lucas-audiotool-tracks/mp3/23/19/moon_river-y9hnpcq1e.23197030.mp3,https://lucas-audiotool-tracks.s3.amazonaws.com/mp3/23/19/moon_river-y9hnpcq1e.23197030.mp3,True,Remixes
tracks/pladot6w,remixes__pladot6w,s3://lucas-audiotool-tracks/mp3/fd/70/pladot6w.fd7030a5.mp3,https://lucas-audiotool-tracks.s3.amazonaws.com/mp3/fd/70/pladot6w.fd7030a5.mp3,True,Remixes
tracks/sissdagbz,remixes__sissdagbz,s3://lucas-audiotool-tracks/mp3/91/be/sissdagbz.91be12f0.mp3,https://lucas-audiotool-tracks.s3.amazonaws.com/mp3/91/be/sissdagbz.91be12f0.mp3,True,Remixes
tracks/sawed_ah_mine_own_two_ahs,remixes__sawed_ah_mine_own_two_ahs,s3://lucas-audiotool-tracks/mp3/2e/fe/sawed_ah_mine_own_two_ahs.2efef16e.mp3,https://lucas-audiotool-tracks.s3.amazonaws.com/mp3/2e/fe/sawed_ah_mine_own_two_ahs.2efef16e.mp3,True,Remixes
tracks/m2zja04uh2c,remixes__m2zja04uh2c,s3://lucas-audiotool-tracks/mp3/5b/55/m2zja04uh2c.5b55c628.mp3,https://lucas-audiotool-tracks.s3.amazonaws.com/mp3/5b/55/m2zja04uh2c.5b55c628.mp3,True,Remixes
tracks/nlway5csan,remixes__nlway5csan,s3://lucas-audiotool-tracks/mp3/49/9b/nlway5csan.499b0e4f.mp3,https://lucas-audiotool-tracks.s3.amazonaws.com/mp3/49/9b/nlway5csan.499b0e4f.mp3,True,Remixes
tracks/pc85kt0sz,remixes__pc85kt0sz,s3://lucas-audiotool-tracks/mp3/36/16/pc85kt0sz.3616cf07.mp3,https://lucas-audiotool-tracks.s3.amazonaws.com/mp3/36/16/pc85kt0sz.3616cf07.mp3,True,Remixes
tracks/discogeek-k3xz5,remixes__discogeek-k3xz5,s3://lucas-audiotool-tracks/mp3/6c/c4/discogeek-k3xz5.6cc4e011.mp3,https://lucas-audiotool-tracks.s3.amazonaws.com/mp3/6c/c4/discogeek-k3xz5.6cc4e011.mp3,True,Remixes
tracks/demo_exciter-cp4lr,top_0_1pct_parent_remixes__demo_exciter-cp4lr,s3://lucas-audiotool-tracks/mp3/63/3c/demo_exciter-cp4lr.633c2f87.mp3,https://lucas-audiotool-tracks.s3.amazonaws.com/mp3/63/3c/demo_exciter-cp4lr.633c2f87.mp3,True,0.1% remixes
tracks/blue-axvj3,top_0_1pct_parent_remixes__blue-axvj3,s3://lucas-audiotool-tracks/mp3/07/9f/blue-axvj3.079f945d.mp3,https://lucas-audiotool-tracks.s3.amazonaws.com/mp3/07/9f/blue-axvj3.079f945d.mp3,True,0.1% remixes
tracks/inspace-nfzbc,top_0_1pct_parent_remixes__inspace-nfzbc,s3://lucas-audiotool-tracks/mp3/ed/6e/inspace-nfzbc.ed6eff51.mp3,https://lucas-audiotool-tracks.s3.amazonaws.com/mp3/ed/6e/inspace-nfzbc.ed6eff51.mp3,True,0.1% remixes
tracks/vv22hvytno,top_0_1pct_parent_remixes__vv22hvytno,s3://lucas-audiotool-tracks/mp3/b0/25/vv22hvytno.b025dc2f.mp3,https://lucas-audiotool-tracks.s3.amazonaws.com/mp3/b0/25/vv22hvytno.b025dc2f.mp3,True,0.1% remixes
tracks/amiga_lover,top_0_1pct_parent_remixes__amiga_lover,s3://lucas-audiotool-tracks/mp3/a5/13/amiga_lover.a513c34b.mp3,https://lucas-audiotool-tracks.s3.amazonaws.com/mp3/a5/13/amiga_lover.a513c34b.mp3,True,0.1% remixes
tracks/qw8p7l1k8rpl,top_0_1pct_parent_remixes__qw8p7l1k8rpl,s3://lucas-audiotool-tracks/mp3/9c/a9/qw8p7l1k8rpl.9ca93738.mp3,https://lucas-audiotool-tracks.s3.amazonaws.com/mp3/9c/a9/qw8p7l1k8rpl.9ca93738.mp3,True,0.1% remixes
tracks/our_god_is_an_awesome_god_remix-r2hpopru,top_0_1pct_parent_remixes__our_god_is_an_awesome_god_remix-r2hpopru,s3://lucas-audiotool-tracks/mp3/cb/f6/our_god_is_an_awesome_god_remix-r2hpopru.cbf6effd.mp3,https://lucas-audiotool-tracks.s3.amazonaws.com/mp3/cb/f6/our_god_is_an_awesome_god_remix-r2hpopru.cbf6effd.mp3,True,0.1% remixes
tracks/lulj26cols0s,top_0_1pct_parent_remixes__lulj26cols0s,s3://lucas-audiotool-tracks/mp3/df/b2/lulj26cols0s.dfb2def0.mp3,https://lucas-audiotool-tracks.s3.amazonaws.com/mp3/df/b2/lulj26cols0s.dfb2def0.mp3,True,0.1% remixes
tracks/where_i_am_from_detroit_rmx,top_0_1pct_parent_remixes__where_i_am_from_detroit_rmx,s3://lucas-audiotool-tracks/mp3/58/81/where_i_am_from_detroit_rmx.58816122.mp3,https://lucas-audiotool-tracks.s3.amazonaws.com/mp3/58/81/where_i_am_from_detroit_rmx.58816122.mp3,True,0.1% remixes
tracks/insert_bad_title_here,top_0_1pct_parent_remixes__insert_bad_title_here,s3://lucas-audiotool-tracks/mp3/47/1c/insert_bad_title_here.471cee49.mp3,https://lucas-audiotool-tracks.s3.amazonaws.com/mp3/47/1c/insert_bad_title_here.471cee49.mp3,True,0.1% remixes
tracks/count_floyd_-_ufo_deep1tonermx-mw6q9,top_0_1pct_parent_remixes__count_floyd_-_ufo_deep1tonermx-mw6q9,s3://lucas-audiotool-tracks/mp3/02/24/count_floyd_-_ufo_deep1tonermx-mw6q9.0224813f.mp3,https://lucas-audiotool-tracks.s3.amazonaws.com/mp3/02/24/count_floyd_-_ufo_deep1tonermx-mw6q9.0224813f.mp3,True,0.1% remixes
tracks/3dm6i6ebs,top_0_1pct_parent_remixes__3dm6i6ebs,s3://lucas-audiotool-tracks/mp3/42/a8/3dm6i6ebs.42a828a6.mp3,https://lucas-audiotool-tracks.s3.amazonaws.com/mp3/42/a8/3dm6i6ebs.42a828a6.mp3,True,0.1% remixes
tracks/it_s_alive-8gyx9,top_0_1pct_parent_remixes__it_s_alive-8gyx9,s3://lucas-audiotool-tracks/mp3/5e/13/it_s_alive-8gyx9.5e13f221.mp3,https://lucas-audiotool-tracks.s3.amazonaws.com/mp3/5e/13/it_s_alive-8gyx9.5e13f221.mp3,True,0.1% remixes
tracks/njap9lqo,top_0_1pct_parent_remixes__njap9lqo,s3://lucas-audiotool-tracks/mp3/e4/b2/njap9lqo.e4b2a378.mp3,https://lucas-audiotool-tracks.s3.amazonaws.com/mp3/e4/b2/njap9lqo.e4b2a378.mp3,True,0.1% remixes
tracks/mirrors_original_mix-z5m8im,top_0_1pct_parent_remixes__mirrors_original_mix-z5m8im,s3://lucas-audiotool-tracks/mp3/b0/f2/mirrors_original_mix-z5m8im.b0f21481.mp3,https://lucas-audiotool-tracks.s3.amazonaws.com/mp3/b0/f2/mirrors_original_mix-z5m8im.b0f21481.mp3,True,0.1% remixes
tracks/outrun_sonic3ze_remix,top_0_1pct_parent_remixes__outrun_sonic3ze_remix,s3://lucas-audiotool-tracks/mp3/3c/8a/outrun_sonic3ze_remix.3c8a8d2d.mp3,https://lucas-audiotool-tracks.s3.amazonaws.com/mp3/3c/8a/outrun_sonic3ze_remix.3c8a8d2d.mp3,True,0.1% remixes
tracks/3q7c4vf2,top_0_1pct_parent_remixes__3q7c4vf2,s3://lucas-audiotool-tracks/mp3/5a/7c/3q7c4vf2.5a7c95e6.mp3,https://lucas-audiotool-tracks.s3.amazonaws.com/mp3/5a/7c/3q7c4vf2.5a7c95e6.mp3,True,0.1% remixes
tracks/i_literally_cant_stop_trying_to_remix_songs_by_luxior,top_0_1pct_parent_remixes__i_literally_cant_stop_trying_to_remix_songs_by_luxior,s3://lucas-audiotool-tracks/mp3/22/16/i_literally_cant_stop_trying_to_remix_songs_by_luxior.2216c497.mp3,https://lucas-audiotool-tracks.s3.amazonaws.com/mp3/22/16/i_literally_cant_stop_trying_to_remix_songs_by_luxior.2216c497.mp3,True,0.1% remixes
tracks/7pg3ap1mp62z,top_0_1pct_parent_remixes__7pg3ap1mp62z,s3://lucas-audiotool-tracks/mp3/08/f4/7pg3ap1mp62z.08f4bd88.mp3,https://lucas-audiotool-tracks.s3.amazonaws.com/mp3/08/f4/7pg3ap1mp62z.08f4bd88.mp3,True,0.1% remixes
tracks/5yf0n0mjz,top_0_1pct_parent_remixes__5yf0n0mjz,s3://lucas-audiotool-tracks/mp3/34/bd/5yf0n0mjz.34bdd57f.mp3,https://lucas-audiotool-tracks.s3.amazonaws.com/mp3/34/bd/5yf0n0mjz.34bdd57f.mp3,True,0.1% remixes
tracks/v3kf2ksptge6,top_0_1pct_parent_remixes__v3kf2ksptge6,s3://lucas-audiotool-tracks/mp3/88/12/v3kf2ksptge6.88128f0e.mp3,https://lucas-audiotool-tracks.s3.amazonaws.com/mp3/88/12/v3kf2ksptge6.88128f0e.mp3,True,0.1% remixes
tracks/is_name_is_jesus,top_0_1pct_parent_remixes__is_name_is_jesus,s3://lucas-audiotool-tracks/mp3/5a/ca/is_name_is_jesus.5aca0071.mp3,https://lucas-audiotool-tracks.s3.amazonaws.com/mp3/5a/ca/is_name_is_jesus.5aca0071.mp3,True,0.1% remixes
tracks/ymo63w4c,top_0_1pct_parent_remixes__ymo63w4c,s3://lucas-audiotool-tracks/mp3/a7/3a/ymo63w4c.a73a981a.mp3,https://lucas-audiotool-tracks.s3.amazonaws.com/mp3/a7/3a/ymo63w4c.a73a981a.mp3,True,0.1% remixes
tracks/abusive_disjunction_lazer_mix,top_0_1pct_parent_remixes__abusive_disjunction_lazer_mix,s3://lucas-audiotool-tracks/mp3/99/fd/abusive_disjunction_lazer_mix.99fdbee7.mp3,https://lucas-audiotool-tracks.s3.amazonaws.com/mp3/99/fd/abusive_disjunction_lazer_mix.99fdbee7.mp3,True,0.1% remixes
tracks/first_work-gmrbd,top_0_1pct_parent_remixes__first_work-gmrbd,s3://lucas-audiotool-tracks/mp3/68/db/first_work-gmrbd.68db1c34.mp3,https://lucas-audiotool-tracks.s3.amazonaws.com/mp3/68/db/first_work-gmrbd.68db1c34.mp3,True,0.1% remixes
tracks/start-4cgjjm,top_0_1pct_parent_remixes__start-4cgjjm,s3://lucas-audiotool-tracks/mp3/08/22/start-4cgjjm.08223419.mp3,https://lucas-audiotool-tracks.s3.amazonaws.com/mp3/08/22/start-4cgjjm.08223419.mp3,True,0.1% remixes
tracks/misfit,top_0_1pct_parent_remixes__misfit,s3://lucas-audiotool-tracks/mp3/51/3c/misfit.513ced8f.mp3,https://lucas-audiotool-tracks.s3.amazonaws.com/mp3/51/3c/misfit.513ced8f.mp3,True,0.1% remixes
tracks/wormhole_2_0_mastabeats_remix,top_0_1pct_parent_remixes__wormhole_2_0_mastabeats_remix,s3://lucas-audiotool-tracks/mp3/3b/eb/wormhole_2_0_mastabeats_remix.3beba998.mp3,https://lucas-audiotool-tracks.s3.amazonaws.com/mp3/3b/eb/wormhole_2_0_mastabeats_remix.3beba998.mp3,True,0.1% remixes
tracks/vboogpw62y,top_0_1pct_parent_remixes__vboogpw62y,s3://lucas-audiotool-tracks/mp3/26/6a/vboogpw62y.266abfaf.mp3,https://lucas-audiotool-tracks.s3.amazonaws.com/mp3/26/6a/vboogpw62y.266abfaf.mp3,True,0.1% remixes
tracks/bass_tap_-_signal_original_mix-dwwmy,top_0_1pct_parent_remixes__bass_tap_-_signal_original_mix-dwwmy,s3://lucas-audiotool-tracks/mp3/f6/23/bass_tap_-_signal_original_mix-dwwmy.f623fd0b.mp3,https://lucas-audiotool-tracks.s3.amazonaws.com/mp3/f6/23/bass_tap_-_signal_original_mix-dwwmy.f623fd0b.mp3,True,0.1% remixes
tracks/levels_-_avicii_remix,top_0_1pct_parent_remixes__levels_-_avicii_remix,s3://lucas-audiotool-tracks/mp3/35/69/levels_-_avicii_remix.356976f1.mp3,https://lucas-audiotool-tracks.s3.amazonaws.com/mp3/35/69/levels_-_avicii_remix.356976f1.mp3,True,0.1% remixes
tracks/call_tha_police,top_0_1pct_parent_remixes__call_tha_police,s3://lucas-audiotool-tracks/mp3/01/f0/call_tha_police.01f0a5f4.mp3,https://lucas-audiotool-tracks.s3.amazonaws.com/mp3/01/f0/call_tha_police.01f0a5f4.mp3,True,0.1% remixes
tracks/depy5go4nfe1,top_0_1pct_parent_remixes__depy5go4nfe1,s3://lucas-audiotool-tracks/mp3/bb/3c/depy5go4nfe1.bb3c290a.mp3,https://lucas-audiotool-tracks.s3.amazonaws.com/mp3/bb/3c/depy5go4nfe1.bb3c290a.mp3,True,0.1% remixes
tracks/tapes_of_gold,top_0_1pct_parent_remixes__tapes_of_gold,s3://lucas-audiotool-tracks/mp3/50/3a/tapes_of_gold.503a93a5.mp3,https://lucas-audiotool-tracks.s3.amazonaws.com/mp3/50/3a/tapes_of_gold.503a93a5.mp3,True,0.1% remixes
tracks/sweet_techno,top_0_1pct_parent_remixes__sweet_techno,s3://lucas-audiotool-tracks/mp3/38/2b/sweet_techno.382b5932.mp3,https://lucas-audiotool-tracks.s3.amazonaws.com/mp3/38/2b/sweet_techno.382b5932.mp3,True,0.1% remixes
tracks/tech_noir,top_0_1pct_parent_remixes__tech_noir,s3://lucas-audiotool-tracks/mp3/e3/a5/tech_noir.e3a55c71.mp3,https://lucas-audiotool-tracks.s3.amazonaws.com/mp3/e3/a5/tech_noir.e3a55c71.mp3,True,0.1% remixes
tracks/76cdk7i6gk,top_0_1pct_parent_remixes__76cdk7i6gk,s3://lucas-audiotool-tracks/mp3/07/4f/76cdk7i6gk.074f9f92.mp3,https://lucas-audiotool-tracks.s3.amazonaws.com/mp3/07/4f/76cdk7i6gk.074f9f92.mp3,True,0.1% remixes
tracks/vpmmipa59wd,top_0_1pct_parent_remixes__vpmmipa59wd,s3://lucas-audiotool-tracks/mp3/13/35/vpmmipa59wd.13357943.mp3,https://lucas-audiotool-tracks.s3.amazonaws.com/mp3/13/35/vpmmipa59wd.13357943.mp3,True,0.1% remixes
tracks/grimebot_dj_w3rb5_remix,top_0_1pct_parent_remixes__grimebot_dj_w3rb5_remix,s3://lucas-audiotool-tracks/mp3/89/ac/grimebot_dj_w3rb5_remix.89ac37f1.mp3,https://lucas-audiotool-tracks.s3.amazonaws.com/mp3/89/ac/grimebot_dj_w3rb5_remix.89ac37f1.mp3,True,0.1% remixes
tracks/8tlekguqybz,top_0_1pct_parent_remixes__8tlekguqybz,s3://lucas-audiotool-tracks/mp3/5d/d9/8tlekguqybz.5dd98ad3.mp3,https://lucas-audiotool-tracks.s3.amazonaws.com/mp3/5d/d9/8tlekguqybz.5dd98ad3.mp3,True,0.1% remixes
tracks/swagger-w4rims,top_0_1pct_parent_remixes__swagger-w4rims,s3://lucas-audiotool-tracks/mp3/0e/1a/swagger-w4rims.0e1ad0b5.mp3,https://lucas-audiotool-tracks.s3.amazonaws.com/mp3/0e/1a/swagger-w4rims.0e1ad0b5.mp3,True,0.1% remixes
tracks/cgzax21cxvd,top_0_1pct_parent_remixes__cgzax21cxvd,s3://lucas-audiotool-tracks/mp3/87/c3/cgzax21cxvd.87c38aa2.mp3,https://lucas-audiotool-tracks.s3.amazonaws.com/mp3/87/c3/cgzax21cxvd.87c38aa2.mp3,True,0.1% remixes
tracks/positrak_preview_remix,top_0_1pct_parent_remixes__positrak_preview_remix,s3://lucas-audiotool-tracks/mp3/74/e4/positrak_preview_remix.74e4eba7.mp3,https://lucas-audiotool-tracks.s3.amazonaws.com/mp3/74/e4/positrak_preview_remix.74e4eba7.mp3,True,0.1% remixes
tracks/blonde_james_blonde_loop__groove,top_0_1pct_parent_remixes__blonde_james_blonde_loop__groove,s3://lucas-audiotool-tracks/mp3/70/9e/blonde_james_blonde_loop__groove.709e45de.mp3,https://lucas-audiotool-tracks.s3.amazonaws.com/mp3/70/9e/blonde_james_blonde_loop__groove.709e45de.mp3,True,0.1% remixes
tracks/a0wgj328uk25,top_0_1pct_parent_remixes__a0wgj328uk25,s3://lucas-audiotool-tracks/mp3/e9/c1/a0wgj328uk25.e9c13eb1.mp3,https://lucas-audiotool-tracks.s3.amazonaws.com/mp3/e9/c1/a0wgj328uk25.e9c13eb1.mp3,True,0.1% remixes
tracks/loop1-ontzp,top_0_1pct_parent_remixes__loop1-ontzp,s3://lucas-audiotool-tracks/mp3/f8/d3/loop1-ontzp.f8d3313d.mp3,https://lucas-audiotool-tracks.s3.amazonaws.com/mp3/f8/d3/loop1-ontzp.f8d3313d.mp3,True,0.1% remixes
tracks/i_m_blue_masakratorpl_remix,top_0_1pct_parent_remixes__i_m_blue_masakratorpl_remix,s3://lucas-audiotool-tracks/mp3/45/a1/i_m_blue_masakratorpl_remix.45a192ed.mp3,https://lucas-audiotool-tracks.s3.amazonaws.com/mp3/45/a1/i_m_blue_masakratorpl_remix.45a192ed.mp3,True,0.1% remixes
tracks/nyan_cat-kgjkk,top_0_1pct_parent_remixes__nyan_cat-kgjkk,s3://lucas-audiotool-tracks/mp3/b7/c6/nyan_cat-kgjkk.b7c61749.mp3,https://lucas-audiotool-tracks.s3.amazonaws.com/mp3/b7/c6/nyan_cat-kgjkk.b7c61749.mp3,True,0.1% remixes
tracks/come_kittymeoooow_minimal-gn2y4,top_0_1pct_parent_remixes__come_kittymeoooow_minimal-gn2y4,s3://lucas-audiotool-tracks/mp3/ae/94/come_kittymeoooow_minimal-gn2y4.ae94d21c.mp3,https://lucas-audiotool-tracks.s3.amazonaws.com/mp3/ae/94/come_kittymeoooow_minimal-gn2y4.ae94d21c.mp3,True,0.1% remixes
tracks/krlg9fu6ov,top_0_1pct_parent_remixes__krlg9fu6ov,s3://lucas-audiotool-tracks/mp3/22/69/krlg9fu6ov.2269c229.mp3,https://lucas-audiotool-tracks.s3.amazonaws.com/mp3/22/69/krlg9fu6ov.2269c229.mp3,True,0.1% remixes
tracks/d0yzs5hi7f,top_0_1pct_parent_remixes__d0yzs5hi7f,s3://lucas-audiotool-tracks/mp3/de/f4/d0yzs5hi7f.def45576.mp3,https://lucas-audiotool-tracks.s3.amazonaws.com/mp3/de/f4/d0yzs5hi7f.def45576.mp3,True,0.1% remixes
tracks/afterglow_909beat_by_psychopop_aka_the_g,top_0_1pct_parent_remixes__afterglow_909beat_by_psychopop_aka_the_g,s3://lucas-audiotool-tracks/mp3/dd/76/afterglow_909beat_by_psychopop_aka_the_g.dd768d7c.mp3,https://lucas-audiotool-tracks.s3.amazonaws.com/mp3/dd/76/afterglow_909beat_by_psychopop_aka_the_g.dd768d7c.mp3,True,0.1% remixes
tracks/spacedisco_wurlagril-umdiv,top_0_1pct_parent_remixes__spacedisco_wurlagril-umdiv,s3://lucas-audiotool-tracks/mp3/e4/b7/spacedisco_wurlagril-umdiv.e4b700e4.mp3,https://lucas-audiotool-tracks.s3.amazonaws.com/mp3/e4/b7/spacedisco_wurlagril-umdiv.e4b700e4.mp3,True,0.1% remixes
tracks/solid_state_half_track_dj_zassa_happy_hardcore_rmx,top_0_1pct_parent_remixes__solid_state_half_track_dj_zassa_happy_hardcore_rmx,s3://lucas-audiotool-tracks/mp3/bf/67/solid_state_half_track_dj_zassa_happy_hardcore_rmx.bf67f87b.mp3,https://lucas-audiotool-tracks.s3.amazonaws.com/mp3/bf/67/solid_state_half_track_dj_zassa_happy_hardcore_rmx.bf67f87b.mp3,True,0.1% remixes
tracks/6ukmaq7q3,top_0_1pct_parent_remixes__6ukmaq7q3,s3://lucas-audiotool-tracks/mp3/74/37/6ukmaq7q3.7437b696.mp3,https://lucas-audiotool-tracks.s3.amazonaws.com/mp3/74/37/6ukmaq7q3.7437b696.mp3,True,0.1% remixes
tracks/ulises_-_melodic_fresh,top_0_1pct_parent_remixes__ulises_-_melodic_fresh,s3://lucas-audiotool-tracks/mp3/49/83/ulises_-_melodic_fresh.49836e66.mp3,https://lucas-audiotool-tracks.s3.amazonaws.com/mp3/49/83/ulises_-_melodic_fresh.49836e66.mp3,True,0.1% remixes
tracks/one_natural_beauty,top_0_1pct_parent_remixes__one_natural_beauty,s3://lucas-audiotool-tracks/mp3/c0/58/one_natural_beauty.c058dd7e.mp3,https://lucas-audiotool-tracks.s3.amazonaws.com/mp3/c0/58/one_natural_beauty.c058dd7e.mp3,True,0.1% remixes
tracks/btaaqvpbpy,top_0_1pct_parent_remixes__btaaqvpbpy,s3://lucas-audiotool-tracks/mp3/64/8a/btaaqvpbpy.648a0a06.mp3,https://lucas-audiotool-tracks.s3.amazonaws.com/mp3/64/8a/btaaqvpbpy.648a0a06.mp3,True,0.1% remixes
tracks/night_scream,top_0_1pct_parent_remixes__night_scream,s3://lucas-audiotool-tracks/mp3/bc/b1/night_scream.bcb1e802.mp3,https://lucas-audiotool-tracks.s3.amazonaws.com/mp3/bc/b1/night_scream.bcb1e802.mp3,True,0.1% remixes
tracks/uprising_remix_contest_vocals_by_melissa_pixel-1ezplkzqv,top_0_1pct_parent_remixes__uprising_remix_contest_vocals_by_melissa_pixel-1ezplkzqv,s3://lucas-audiotool-tracks/mp3/db/a5/uprising_remix_contest_vocals_by_melissa_pixel-1ezplkzqv.dba59440.mp3,https://lucas-audiotool-tracks.s3.amazonaws.com/mp3/db/a5/uprising_remix_contest_vocals_by_melissa_pixel-1ezplkzqv.dba59440.mp3,True,0.1% remixes
tracks/looop,top_0_1pct_parent_remixes__looop,s3://lucas-audiotool-tracks/mp3/23/b7/looop.23b7632a.mp3,https://lucas-audiotool-tracks.s3.amazonaws.com/mp3/23/b7/looop.23b7632a.mp3,True,0.1% remixes
tracks/w4p8y9jtg,top_0_1pct_parent_remixes__w4p8y9jtg,s3://lucas-audiotool-tracks/mp3/5c/c7/w4p8y9jtg.5cc75b77.mp3,https://lucas-audiotool-tracks.s3.amazonaws.com/mp3/5c/c7/w4p8y9jtg.5cc75b77.mp3,True,0.1% remixes
tracks/e0k9302aqkga,top_0_1pct_parent_remixes__e0k9302aqkga,s3://lucas-audiotool-tracks/mp3/c1/9c/e0k9302aqkga.c19c7d20.mp3,https://lucas-audiotool-tracks.s3.amazonaws.com/mp3/c1/9c/e0k9302aqkga.c19c7d20.mp3,True,0.1% remixes
tracks/7e6liz1uga,top_0_1pct_parent_remixes__7e6liz1uga,s3://lucas-audiotool-tracks/mp3/7a/f7/7e6liz1uga.7af73fea.mp3,https://lucas-audiotool-tracks.s3.amazonaws.com/mp3/7a/f7/7e6liz1uga.7af73fea.mp3,True,0.1% remixes
tracks/now_i_m_gone_xenon_remixed,top_0_1pct_parent_remixes__now_i_m_gone_xenon_remixed,s3://lucas-audiotool-tracks/mp3/5e/ba/now_i_m_gone_xenon_remixed.5eba9e2b.mp3,https://lucas-audiotool-tracks.s3.amazonaws.com/mp3/5e/ba/now_i_m_gone_xenon_remixed.5eba9e2b.mp3,True,0.1% remixes
tracks/pingagotas_tubular_ecol__lico_bistate_ok,top_0_1pct_parent_remixes__pingagotas_tubular_ecol__lico_bistate_ok,s3://lucas-audiotool-tracks/mp3/6f/6f/pingagotas_tubular_ecol__lico_bistate_ok.6f6f55e2.mp3,https://lucas-audiotool-tracks.s3.amazonaws.com/mp3/6f/6f/pingagotas_tubular_ecol__lico_bistate_ok.6f6f55e2.mp3,True,0.1% remixes
tracks/6h06t9r5g,top_0_1pct_parent_remixes__6h06t9r5g,s3://lucas-audiotool-tracks/mp3/c4/ab/6h06t9r5g.c4abf11c.mp3,https://lucas-audiotool-tracks.s3.amazonaws.com/mp3/c4/ab/6h06t9r5g.c4abf11c.mp3,True,0.1% remixes
tracks/innlevering_2,top_0_1pct_parent_remixes__innlevering_2,s3://lucas-audiotool-tracks/mp3/a9/86/innlevering_2.a9867f64.mp3,https://lucas-audiotool-tracks.s3.amazonaws.com/mp3/a9/86/innlevering_2.a9867f64.mp3,True,0.1% remixes
tracks/8wb33fe107,top_0_1pct_parent_remixes__8wb33fe107,s3://lucas-audiotool-tracks/mp3/b0/f7/8wb33fe107.b0f7c78b.mp3,https://lucas-audiotool-tracks.s3.amazonaws.com/mp3/b0/f7/8wb33fe107.b0f7c78b.mp3,True,0.1% remixes
tracks/the_life_of_a_tcp_packet,top_0_1pct_parent_remixes__the_life_of_a_tcp_packet,s3://lucas-audiotool-tracks/mp3/e4/83/the_life_of_a_tcp_packet.e4835183.mp3,https://lucas-audiotool-tracks.s3.amazonaws.com/mp3/e4/83/the_life_of_a_tcp_packet.e4835183.mp3,True,0.1% remixes
tracks/computer_friend_melonade_moombah_mix,top_0_1pct_parent_remixes__computer_friend_melonade_moombah_mix,s3://lucas-audiotool-tracks/mp3/b8/8e/computer_friend_melonade_moombah_mix.b88e485b.mp3,https://lucas-audiotool-tracks.s3.amazonaws.com/mp3/b8/8e/computer_friend_melonade_moombah_mix.b88e485b.mp3,True,0.1% remixes
tracks/virus_full,top_0_1pct_parent_remixes__virus_full,s3://lucas-audiotool-tracks/mp3/11/df/virus_full.11dfcecc.mp3,https://lucas-audiotool-tracks.s3.amazonaws.com/mp3/11/df/virus_full.11dfcecc.mp3,True,0.1% remixes
tracks/gcc5b88jfw7i,top_0_1pct_parent_remixes__gcc5b88jfw7i,s3://lucas-audiotool-tracks/mp3/58/6d/gcc5b88jfw7i.586d20f0.mp3,https://lucas-audiotool-tracks.s3.amazonaws.com/mp3/58/6d/gcc5b88jfw7i.586d20f0.mp3,True,0.1% remixes
tracks/rev8yz37,top_0_1pct_parent_remixes__rev8yz37,s3://lucas-audiotool-tracks/mp3/2b/5b/rev8yz37.2b5b9d94.mp3,https://lucas-audiotool-tracks.s3.amazonaws.com/mp3/2b/5b/rev8yz37.2b5b9d94.mp3,True,0.1% remixes
tracks/it_s_alive-xw9gd,top_0_1pct_parent_remixes__it_s_alive-xw9gd,s3://lucas-audiotool-tracks/mp3/c4/f9/it_s_alive-xw9gd.c4f99d6a.mp3,https://lucas-audiotool-tracks.s3.amazonaws.com/mp3/c4/f9/it_s_alive-xw9gd.c4f99d6a.mp3,True,0.1% remixes
tracks/house_man_working_version,top_0_1pct_parent_remixes__house_man_working_version,s3://lucas-audiotool-tracks/mp3/32/5e/house_man_working_version.325ee653.mp3,https://lucas-audiotool-tracks.s3.amazonaws.com/mp3/32/5e/house_man_working_version.325ee653.mp3,True,0.1% remixes
tracks/i_suck_at_naming_tracks-ukfbs,top_0_1pct_parent_remixes__i_suck_at_naming_tracks-ukfbs,s3://lucas-audiotool-tracks/mp3/d8/64/i_suck_at_naming_tracks-ukfbs.d8646a77.mp3,https://lucas-audiotool-tracks.s3.amazonaws.com/mp3/d8/64/i_suck_at_naming_tracks-ukfbs.d8646a77.mp3,True,0.1% remixes
tracks/nostalgia-kpe2w,top_0_1pct_parent_remixes__nostalgia-kpe2w,s3://lucas-audiotool-tracks/mp3/b1/64/nostalgia-kpe2w.b1643836.mp3,https://lucas-audiotool-tracks.s3.amazonaws.com/mp3/b1/64/nostalgia-kpe2w.b1643836.mp3,True,0.1% remixes
tracks/deep_sea-7pvbc,top_0_1pct_parent_remixes__deep_sea-7pvbc,s3://lucas-audiotool-tracks/mp3/5d/c4/deep_sea-7pvbc.5dc4af51.mp3,https://lucas-audiotool-tracks.s3.amazonaws.com/mp3/5d/c4/deep_sea-7pvbc.5dc4af51.mp3,True,0.1% remixes
tracks/haha-ymiy4,top_0_1pct_parent_remixes__haha-ymiy4,s3://lucas-audiotool-tracks/mp3/b6/da/haha-ymiy4.b6dabfd8.mp3,https://lucas-audiotool-tracks.s3.amazonaws.com/mp3/b6/da/haha-ymiy4.b6dabfd8.mp3,True,0.1% remixes
tracks/levels_artemix_remix,top_0_1pct_parent_remixes__levels_artemix_remix,s3://lucas-audiotool-tracks/mp3/7a/de/levels_artemix_remix.7adebfc0.mp3,https://lucas-audiotool-tracks.s3.amazonaws.com/mp3/7a/de/levels_artemix_remix.7adebfc0.mp3,True,0.1% remixes
tracks/aeronef-ab7qq,top_0_1pct_parent_remixes__aeronef-ab7qq,s3://lucas-audiotool-tracks/mp3/50/61/aeronef-ab7qq.5061f4dd.mp3,https://lucas-audiotool-tracks.s3.amazonaws.com/mp3/50/61/aeronef-ab7qq.5061f4dd.mp3,True,0.1% remixes
tracks/pray_for_elias-_souterrain_izzy_koko_remix,top_0_1pct_parent_remixes__pray_for_elias-_souterrain_izzy_koko_remix,s3://lucas-audiotool-tracks/mp3/10/66/pray_for_elias-_souterrain_izzy_koko_remix.1066a58d.mp3,https://lucas-audiotool-tracks.s3.amazonaws.com/mp3/10/66/pray_for_elias-_souterrain_izzy_koko_remix.1066a58d.mp3,True,0.1% remixes
tracks/r50wvhwrrzmr,top_0_1pct_parent_remixes__r50wvhwrrzmr,s3://lucas-audiotool-tracks/mp3/1f/2c/r50wvhwrrzmr.1f2c0a5c.mp3,https://lucas-audiotool-tracks.s3.amazonaws.com/mp3/1f/2c/r50wvhwrrzmr.1f2c0a5c.mp3,True,0.1% remixes
tracks/thinking_about_u_remix_still_under_const,top_0_1pct_parent_remixes__thinking_about_u_remix_still_under_const,s3://lucas-audiotool-tracks/mp3/b3/65/thinking_about_u_remix_still_under_const.b3656ab9.mp3,https://lucas-audiotool-tracks.s3.amazonaws.com/mp3/b3/65/thinking_about_u_remix_still_under_const.b3656ab9.mp3,True,0.1% remixes
tracks/sinister_demix,top_0_1pct_parent_remixes__sinister_demix,s3://lucas-audiotool-tracks/mp3/37/cf/sinister_demix.37cf3047.mp3,https://lucas-audiotool-tracks.s3.amazonaws.com/mp3/37/cf/sinister_demix.37cf3047.mp3,True,0.1% remixes
tracks/ni9scre2ef,top_0_1pct_parent_remixes__ni9scre2ef,s3://lucas-audiotool-tracks/mp3/86/d4/ni9scre2ef.86d4b62a.mp3,https://lucas-audiotool-tracks.s3.amazonaws.com/mp3/86/d4/ni9scre2ef.86d4b62a.mp3,True,0.1% remixes
tracks/shred_complextro,top_0_1pct_parent_remixes__shred_complextro,s3://lucas-audiotool-tracks/mp3/f7/cc/shred_complextro.f7cce027.mp3,https://lucas-audiotool-tracks.s3.amazonaws.com/mp3/f7/cc/shred_complextro.f7cce027.mp3,True,0.1% remixes
tracks/afterglow_0052_remix,top_0_1pct_parent_remixes__afterglow_0052_remix,s3://lucas-audiotool-tracks/mp3/1f/cf/afterglow_0052_remix.1fcff425.mp3,https://lucas-audiotool-tracks.s3.amazonaws.com/mp3/1f/cf/afterglow_0052_remix.1fcff425.mp3,True,0.1% remixes
tracks/yio985p94,top_0_1pct_parent_remixes__yio985p94,s3://lucas-audiotool-tracks/mp3/98/45/yio985p94.98459533.mp3,https://lucas-audiotool-tracks.s3.amazonaws.com/mp3/98/45/yio985p94.98459533.mp3,True,0.1% remixes
tracks/fraternity_remix,top_0_1pct_parent_remixes__fraternity_remix,s3://lucas-audiotool-tracks/mp3/cf/5e/fraternity_remix.cf5eb2ed.mp3,https://lucas-audiotool-tracks.s3.amazonaws.com/mp3/cf/5e/fraternity_remix.cf5eb2ed.mp3,True,0.1% remixes
tracks/y2km15dkk,top_0_1pct_parent_remixes__y2km15dkk,s3://lucas-audiotool-tracks/mp3/c5/3c/y2km15dkk.c53c15f8.mp3,https://lucas-audiotool-tracks.s3.amazonaws.com/mp3/c5/3c/y2km15dkk.c53c15f8.mp3,True,0.1% remixes
tracks/afterglow_astrum_remix,top_0_1pct_parent_remixes__afterglow_astrum_remix,s3://lucas-audiotool-tracks/mp3/94/97/afterglow_astrum_remix.94972775.mp3,https://lucas-audiotool-tracks.s3.amazonaws.com/mp3/94/97/afterglow_astrum_remix.94972775.mp3,True,0.1% remixes
tracks/uprising_remix_contest_wolflund_remix_vocals_by_melissa_pixel,top_0_1pct_parent_remixes__uprising_remix_contest_wolflund_remix_vocals_by_melissa_pixel,s3://lucas-audiotool-tracks/mp3/1b/62/uprising_remix_contest_wolflund_remix_vocals_by_melissa_pixel.1b62bb40.mp3,https://lucas-audiotool-tracks.s3.amazonaws.com/mp3/1b/62/uprising_remix_contest_wolflund_remix_vocals_by_melissa_pixel.1b62bb40.mp3,True,0.1% remixes
tracks/cuban_dubjam-datj1,top_0_1pct_parent_remixes__cuban_dubjam-datj1,s3://lucas-audiotool-tracks/mp3/12/b6/cuban_dubjam-datj1.12b6cce3.mp3,https://lucas-audiotool-tracks.s3.amazonaws.com/mp3/12/b6/cuban_dubjam-datj1.12b6cce3.mp3,True,0.1% remixes
tracks/ms_ambient_test_21-pkcfp,top_0_1pct_parent_remixes__ms_ambient_test_21-pkcfp,s3://lucas-audiotool-tracks/mp3/ca/5e/ms_ambient_test_21-pkcfp.ca5ef6a5.mp3,https://lucas-audiotool-tracks.s3.amazonaws.com/mp3/ca/5e/ms_ambient_test_21-pkcfp.ca5ef6a5.mp3,True,0.1% remixes
tracks/ystuf0h2jd,top_0_1pct_parent_remixes__ystuf0h2jd,s3://lucas-audiotool-tracks/mp3/21/24/ystuf0h2jd.2124d86a.mp3,https://lucas-audiotool-tracks.s3.amazonaws.com/mp3/21/24/ystuf0h2jd.2124d86a.mp3,True,0.1% remixes
tracks/communicate-kqfg1,top_0_1pct_parent_remixes__communicate-kqfg1,s3://lucas-audiotool-tracks/mp3/1f/99/communicate-kqfg1.1f99141f.mp3,https://lucas-audiotool-tracks.s3.amazonaws.com/mp3/1f/99/communicate-kqfg1.1f99141f.mp3,True,0.1% remixes
tracks/the_cats,top_0_1pct_parent_remixes__the_cats,s3://lucas-audiotool-tracks/mp3/83/88/the_cats.83882cf3.mp3,https://lucas-audiotool-tracks.s3.amazonaws.com/mp3/83/88/the_cats.83882cf3.mp3,True,0.1% remixes
tracks/a_n_o_m_a_l_y,top_0_1pct_parent_remixes__a_n_o_m_a_l_y,s3://lucas-audiotool-tracks/mp3/d1/bf/a_n_o_m_a_l_y.d1bf60c0.mp3,https://lucas-audiotool-tracks.s3.amazonaws.com/mp3/d1/bf/a_n_o_m_a_l_y.d1bf60c0.mp3,True,0.1% remixes
tracks/beatbox_9_mr_standfast_remix,top_0_1pct_parent_remixes__beatbox_9_mr_standfast_remix,s3://lucas-audiotool-tracks/mp3/01/db/beatbox_9_mr_standfast_remix.01db990f.mp3,https://lucas-audiotool-tracks.s3.amazonaws.com/mp3/01/db/beatbox_9_mr_standfast_remix.01db990f.mp3,True,0.1% remixes
tracks/bge0bnezbo1u,top_0_1pct_parent_remixes__bge0bnezbo1u,s3://lucas-audiotool-tracks/mp3/f0/83/bge0bnezbo1u.f083be31.mp3,https://lucas-audiotool-tracks.s3.amazonaws.com/mp3/f0/83/bge0bnezbo1u.f083be31.mp3,True,0.1% remixes
tracks/9g4gc6fi5,top_0_1pct_parent_remixes__9g4gc6fi5,s3://lucas-audiotool-tracks/mp3/e1/b3/9g4gc6fi5.e1b37e82.mp3,https://lucas-audiotool-tracks.s3.amazonaws.com/mp3/e1/b3/9g4gc6fi5.e1b37e82.mp3,True,0.1% remixes
tracks/luxior_trying_to_be_luxior_lbob_remix,top_0_1pct_parent_remixes__luxior_trying_to_be_luxior_lbob_remix,s3://lucas-audiotool-tracks/mp3/bb/5a/luxior_trying_to_be_luxior_lbob_remix.bb5a4156.mp3,https://lucas-audiotool-tracks.s3.amazonaws.com/mp3/bb/5a/luxior_trying_to_be_luxior_lbob_remix.bb5a4156.mp3,True,0.1% remixes
tracks/iat8dq6zhd6,top_0_1pct_parent_remixes__iat8dq6zhd6,s3://lucas-audiotool-tracks/mp3/bf/2a/iat8dq6zhd6.bf2a4e40.mp3,https://lucas-audiotool-tracks.s3.amazonaws.com/mp3/bf/2a/iat8dq6zhd6.bf2a4e40.mp3,True,0.1% remixes
tracks/it_s_alive-cwlrmouoe,top_0_1pct_parent_remixes__it_s_alive-cwlrmouoe,s3://lucas-audiotool-tracks/mp3/d7/60/it_s_alive-cwlrmouoe.d76044b3.mp3,https://lucas-audiotool-tracks.s3.amazonaws.com/mp3/d7/60/it_s_alive-cwlrmouoe.d76044b3.mp3,True,0.1% remixes
tracks/one_gelatin-coated_peafowl_and_three_shi-cizd7,top_0_1pct_parent_remixes__one_gelatin-coated_peafowl_and_three_shi-cizd7,s3://lucas-audiotool-tracks/mp3/6d/09/one_gelatin-coated_peafowl_and_three_shi-cizd7.6d094443.mp3,https://lucas-audiotool-tracks.s3.amazonaws.com/mp3/6d/09/one_gelatin-coated_peafowl_and_three_shi-cizd7.6d094443.mp3,True,0.1% remixes
tracks/make_mine_a_spooky_linguine,top_0_1pct_parent_remixes__make_mine_a_spooky_linguine,s3://lucas-audiotool-tracks/mp3/0e/01/make_mine_a_spooky_linguine.0e01b6d9.mp3,https://lucas-audiotool-tracks.s3.amazonaws.com/mp3/0e/01/make_mine_a_spooky_linguine.0e01b6d9.mp3,True,0.1% remixes
tracks/intro2,top_0_1pct_parent_remixes__intro2,s3://lucas-audiotool-tracks/mp3/67/42/intro2.67423207.mp3,https://lucas-audiotool-tracks.s3.amazonaws.com/mp3/67/42/intro2.67423207.mp3,True,0.1% remixes
tracks/pulverisateur_plane_emulation-mzpsy,top_0_1pct_parent_remixes__pulverisateur_plane_emulation-mzpsy,s3://lucas-audiotool-tracks/mp3/e6/53/pulverisateur_plane_emulation-mzpsy.e6530889.mp3,https://lucas-audiotool-tracks.s3.amazonaws.com/mp3/e6/53/pulverisateur_plane_emulation-mzpsy.e6530889.mp3,True,0.1% remixes
tracks/s93uvo2i8cvm,top_0_1pct_parent_remixes__s93uvo2i8cvm,s3://lucas-audiotool-tracks/mp3/32/33/s93uvo2i8cvm.3233b22b.mp3,https://lucas-audiotool-tracks.s3.amazonaws.com/mp3/32/33/s93uvo2i8cvm.3233b22b.mp3,True,0.1% remixes
tracks/fsylzzngyl,top_0_1pct_parent_remixes__fsylzzngyl,s3://lucas-audiotool-tracks/mp3/58/c2/fsylzzngyl.58c23b39.mp3,https://lucas-audiotool-tracks.s3.amazonaws.com/mp3/58/c2/fsylzzngyl.58c23b39.mp3,True,0.1% remixes
tracks/ft0inr29,top_0_1pct_parent_remixes__ft0inr29,s3://lucas-audiotool-tracks/mp3/0d/c7/ft0inr29.0dc7ffd0.mp3,https://lucas-audiotool-tracks.s3.amazonaws.com/mp3/0d/c7/ft0inr29.0dc7ffd0.mp3,True,0.1% remixes
tracks/nicebit_inc,top_0_1pct_parent_remixes__nicebit_inc,s3://lucas-audiotool-tracks/mp3/83/17/nicebit_inc.8317ba00.mp3,https://lucas-audiotool-tracks.s3.amazonaws.com/mp3/83/17/nicebit_inc.8317ba00.mp3,True,0.1% remixes
tracks/4cbwcp0dr3,top_0_1pct_parent_remixes__4cbwcp0dr3,s3://lucas-audiotool-tracks/mp3/bd/76/4cbwcp0dr3.bd765bd9.mp3,https://lucas-audiotool-tracks.s3.amazonaws.com/mp3/bd/76/4cbwcp0dr3.bd765bd9.mp3,True,0.1% remixes
tracks/49hhzyhm4p,top_0_1pct_parent_remixes__49hhzyhm4p,s3://lucas-audiotool-tracks/mp3/66/54/49hhzyhm4p.665416d7.mp3,https://lucas-audiotool-tracks.s3.amazonaws.com/mp3/66/54/49hhzyhm4p.665416d7.mp3,True,0.1% remixes
tracks/saroah_bass_boost,top_0_1pct_parent_remixes__saroah_bass_boost,s3://lucas-audiotool-tracks/mp3/4b/45/saroah_bass_boost.4b450efb.mp3,https://lucas-audiotool-tracks.s3.amazonaws.com/mp3/4b/45/saroah_bass_boost.4b450efb.mp3,True,0.1% remixes
tracks/he33rd2r,top_0_1pct_parent_remixes__he33rd2r,s3://lucas-audiotool-tracks/mp3/6a/7b/he33rd2r.6a7b1b9b.mp3,https://lucas-audiotool-tracks.s3.amazonaws.com/mp3/6a/7b/he33rd2r.6a7b1b9b.mp3,True,0.1% remixes
tracks/nmtlmifp,top_0_1pct_parent_remixes__nmtlmifp,s3://lucas-audiotool-tracks/mp3/6b/8f/nmtlmifp.6b8fba15.mp3,https://lucas-audiotool-tracks.s3.amazonaws.com/mp3/6b/8f/nmtlmifp.6b8fba15.mp3,True,0.1% remixes
tracks/vz7k3zs8,top_0_1pct_parent_remixes__vz7k3zs8,s3://lucas-audiotool-tracks/mp3/61/60/vz7k3zs8.616024d8.mp3,https://lucas-audiotool-tracks.s3.amazonaws.com/mp3/61/60/vz7k3zs8.616024d8.mp3,True,0.1% remixes
tracks/trip_17_lv2_dubstep_remix,top_0_1pct_parent_remixes__trip_17_lv2_dubstep_remix,s3://lucas-audiotool-tracks/mp3/fd/90/trip_17_lv2_dubstep_remix.fd9066b5.mp3,https://lucas-audiotool-tracks.s3.amazonaws.com/mp3/fd/90/trip_17_lv2_dubstep_remix.fd9066b5.mp3,True,0.1% remixes
tracks/ipnos1-q5hye,top_0_1pct_parent_remixes__ipnos1-q5hye,s3://lucas-audiotool-tracks/mp3/18/4a/ipnos1-q5hye.184a6a6d.mp3,https://lucas-audiotool-tracks.s3.amazonaws.com/mp3/18/4a/ipnos1-q5hye.184a6a6d.mp3,True,0.1% remixes
tracks/afterglow_dj_nibc_1992rmx,top_0_1pct_parent_remixes__afterglow_dj_nibc_1992rmx,s3://lucas-audiotool-tracks/mp3/4b/94/afterglow_dj_nibc_1992rmx.4b9492a8.mp3,https://lucas-audiotool-tracks.s3.amazonaws.com/mp3/4b/94/afterglow_dj_nibc_1992rmx.4b9492a8.mp3,True,0.1% remixes
tracks/stardust_djblujace_remix,top_0_1pct_parent_remixes__stardust_djblujace_remix,s3://lucas-audiotool-tracks/mp3/b9/ee/stardust_djblujace_remix.b9eed45b.mp3,https://lucas-audiotool-tracks.s3.amazonaws.com/mp3/b9/ee/stardust_djblujace_remix.b9eed45b.mp3,True,0.1% remixes
tracks/dub-vyvrwkll,top_0_1pct_parent_remixes__dub-vyvrwkll,s3://lucas-audiotool-tracks/mp3/2a/74/dub-vyvrwkll.2a7400cd.mp3,https://lucas-audiotool-tracks.s3.amazonaws.com/mp3/2a/74/dub-vyvrwkll.2a7400cd.mp3,True,0.1% remixes
tracks/sackgesicht-2smq0,top_0_1pct_parent_remixes__sackgesicht-2smq0,s3://lucas-audiotool-tracks/mp3/ea/20/sackgesicht-2smq0.ea20c262.mp3,https://lucas-audiotool-tracks.s3.amazonaws.com/mp3/ea/20/sackgesicht-2smq0.ea20c262.mp3,True,0.1% remixes
tracks/timelapse-gsdnl,top_0_1pct_parent_remixes__timelapse-gsdnl,s3://lucas-audiotool-tracks/mp3/e9/c9/timelapse-gsdnl.e9c9e10a.mp3,https://lucas-audiotool-tracks.s3.amazonaws.com/mp3/e9/c9/timelapse-gsdnl.e9c9e10a.mp3,True,0.1% remixes
tracks/beyond_life_-_lucs_undercover_remix,top_0_1pct_parent_remixes__beyond_life_-_lucs_undercover_remix,s3://lucas-audiotool-tracks/mp3/b5/25/beyond_life_-_lucs_undercover_remix.b5252339.mp3,https://lucas-audiotool-tracks.s3.amazonaws.com/mp3/b5/25/beyond_life_-_lucs_undercover_remix.b5252339.mp3,True,0.1% remixes
tracks/t1is6zwiq,top_0_1pct_parent_remixes__t1is6zwiq,s3://lucas-audiotool-tracks/mp3/8a/26/t1is6zwiq.8a264626.mp3,https://lucas-audiotool-tracks.s3.amazonaws.com/mp3/8a/26/t1is6zwiq.8a264626.mp3,True,0.1% remixes
tracks/v1ru5-jyeyj,top_0_1pct_parent_remixes__v1ru5-jyeyj,s3://lucas-audiotool-tracks/mp3/0b/31/v1ru5-jyeyj.0b3100b0.mp3,https://lucas-audiotool-tracks.s3.amazonaws.com/mp3/0b/31/v1ru5-jyeyj.0b3100b0.mp3,True,0.1% remixes
tracks/sahara-vbjre,top_0_1pct_parent_remixes__sahara-vbjre,s3://lucas-audiotool-tracks/mp3/28/9d/sahara-vbjre.289df69d.mp3,https://lucas-audiotool-tracks.s3.amazonaws.com/mp3/28/9d/sahara-vbjre.289df69d.mp3,True,0.1% remixes
tracks/loveremix,top_0_1pct_parent_remixes__loveremix,s3://lucas-audiotool-tracks/mp3/4f/af/loveremix.4faf3b47.mp3,https://lucas-audiotool-tracks.s3.amazonaws.com/mp3/4f/af/loveremix.4faf3b47.mp3,True,0.1% remixes
tracks/gthpl18rm,top_0_1pct_parent_remixes__gthpl18rm,s3://lucas-audiotool-tracks/mp3/02/dc/gthpl18rm.02dc645f.mp3,https://lucas-audiotool-tracks.s3.amazonaws.com/mp3/02/dc/gthpl18rm.02dc645f.mp3,True,0.1% remixes
tracks/mgbt5e82qhx,top_0_1pct_parent_remixes__mgbt5e82qhx,s3://lucas-audiotool-tracks/mp3/67/1c/mgbt5e82qhx.671c7a12.mp3,https://lucas-audiotool-tracks.s3.amazonaws.com/mp3/67/1c/mgbt5e82qhx.671c7a12.mp3,True,0.1% remixes
tracks/7zjsdkvwuq,top_0_1pct_parent_remixes__7zjsdkvwuq,s3://lucas-audiotool-tracks/mp3/bf/5a/7zjsdkvwuq.bf5a5b93.mp3,https://lucas-audiotool-tracks.s3.amazonaws.com/mp3/bf/5a/7zjsdkvwuq.bf5a5b93.mp3,True,0.1% remixes
tracks/s4ghrj1sr,top_0_1pct_parent_remixes__s4ghrj1sr,s3://lucas-audiotool-tracks/mp3/a5/ed/s4ghrj1sr.a5edae6e.mp3,https://lucas-audiotool-tracks.s3.amazonaws.com/mp3/a5/ed/s4ghrj1sr.a5edae6e.mp3,True,0.1% remixes
tracks/spacebeatz-xndmp,top_0_1pct_parent_remixes__spacebeatz-xndmp,s3://lucas-audiotool-tracks/mp3/6d/ae/spacebeatz-xndmp.6dae31cc.mp3,https://lucas-audiotool-tracks.s3.amazonaws.com/mp3/6d/ae/spacebeatz-xndmp.6dae31cc.mp3,True,0.1% remixes
tracks/hub_traplocks_remix,top_0_1pct_parent_remixes__hub_traplocks_remix,s3://lucas-audiotool-tracks/mp3/a2/60/hub_traplocks_remix.a26086dd.mp3,https://lucas-audiotool-tracks.s3.amazonaws.com/mp3/a2/60/hub_traplocks_remix.a26086dd.mp3,True,0.1% remixes
tracks/okrcfiuap,top_0_1pct_parent_remixes__okrcfiuap,s3://lucas-audiotool-tracks/mp3/8c/d5/okrcfiuap.8cd51477.mp3,https://lucas-audiotool-tracks.s3.amazonaws.com/mp3/8c/d5/okrcfiuap.8cd51477.mp3,True,0.1% remixes
tracks/being_mys3lf,top_0_1pct_parent_remixes__being_mys3lf,s3://lucas-audiotool-tracks/mp3/16/ca/being_mys3lf.16ca47db.mp3,https://lucas-audiotool-tracks.s3.amazonaws.com/mp3/16/ca/being_mys3lf.16ca47db.mp3,True,0.1% remixes
tracks/ym0atdhvxbm,top_0_1pct_parent_remixes__ym0atdhvxbm,s3://lucas-audiotool-tracks/mp3/a8/88/ym0atdhvxbm.a888b5dc.mp3,https://lucas-audiotool-tracks.s3.amazonaws.com/mp3/a8/88/ym0atdhvxbm.a888b5dc.mp3,True,0.1% remixes
tracks/stray_insanity-nacxu,top_0_1pct_parent_remixes__stray_insanity-nacxu,s3://lucas-audiotool-tracks/mp3/02/fc/stray_insanity-nacxu.02fca50b.mp3,https://lucas-audiotool-tracks.s3.amazonaws.com/mp3/02/fc/stray_insanity-nacxu.02fca50b.mp3,True,0.1% remixes
tracks/plastic_isle_relaxxxedit,top_0_1pct_parent_remixes__plastic_isle_relaxxxedit,s3://lucas-audiotool-tracks/mp3/46/91/plastic_isle_relaxxxedit.46914afd.mp3,https://lucas-audiotool-tracks.s3.amazonaws.com/mp3/46/91/plastic_isle_relaxxxedit.46914afd.mp3,True,0.1% remixes
tracks/you_found_me-j7glodj,top_0_1pct_parent_remixes__you_found_me-j7glodj,s3://lucas-audiotool-tracks/mp3/cd/f0/you_found_me-j7glodj.cdf0f161.mp3,https://lucas-audiotool-tracks.s3.amazonaws.com/mp3/cd/f0/you_found_me-j7glodj.cdf0f161.mp3,True,0.1% remixes
tracks/959lqsepd,top_0_1pct_parent_remixes__959lqsepd,s3://lucas-audiotool-tracks/mp3/a4/77/959lqsepd.a477be4e.mp3,https://lucas-audiotool-tracks.s3.amazonaws.com/mp3/a4/77/959lqsepd.a477be4e.mp3,True,0.1% remixes
tracks/svz8xdfx1b,top_0_1pct_parent_remixes__svz8xdfx1b,s3://lucas-audiotool-tracks/mp3/0a/a9/svz8xdfx1b.0aa90eba.mp3,https://lucas-audiotool-tracks.s3.amazonaws.com/mp3/0a/a9/svz8xdfx1b.0aa90eba.mp3,True,0.1% remixes
tracks/green_mafoos_edit,top_0_1pct_parent_remixes__green_mafoos_edit,s3://lucas-audiotool-tracks/mp3/2c/3a/green_mafoos_edit.2c3a9239.mp3,https://lucas-audiotool-tracks.s3.amazonaws.com/mp3/2c/3a/green_mafoos_edit.2c3a9239.mp3,True,0.1% remixes
tracks/mix01-oegdj,top_0_1pct_parent_remixes__mix01-oegdj,s3://lucas-audiotool-tracks/mp3/a5/15/mix01-oegdj.a51504df.mp3,https://lucas-audiotool-tracks.s3.amazonaws.com/mp3/a5/15/mix01-oegdj.a51504df.mp3,True,0.1% remixes
tracks/flash_back-ofpi6s,top_0_1pct_parent_remixes__flash_back-ofpi6s,s3://lucas-audiotool-tracks/mp3/55/18/flash_back-ofpi6s.5518d9f9.mp3,https://lucas-audiotool-tracks.s3.amazonaws.com/mp3/55/18/flash_back-ofpi6s.5518d9f9.mp3,True,0.1% remixes
tracks/y8mnl236jov0,top_0_1pct_parent_remixes__y8mnl236jov0,s3://lucas-audiotool-tracks/mp3/1c/2d/y8mnl236jov0.1c2d4788.mp3,https://lucas-audiotool-tracks.s3.amazonaws.com/mp3/1c/2d/y8mnl236jov0.1c2d4788.mp3,True,0.1% remixes
tracks/happy_hour_sm1thl3r_remix,top_0_1pct_parent_remixes__happy_hour_sm1thl3r_remix,s3://lucas-audiotool-tracks/mp3/4b/e5/happy_hour_sm1thl3r_remix.4be5417a.mp3,https://lucas-audiotool-tracks.s3.amazonaws.com/mp3/4b/e5/happy_hour_sm1thl3r_remix.4be5417a.mp3,True,0.1% remixes
tracks/tokunopolis,top_0_1pct_parent_remixes__tokunopolis,s3://lucas-audiotool-tracks/mp3/0b/a7/tokunopolis.0ba72257.mp3,https://lucas-audiotool-tracks.s3.amazonaws.com/mp3/0b/a7/tokunopolis.0ba72257.mp3,True,0.1% remixes
tracks/mn849vlox,top_0_1pct_parent_remixes__mn849vlox,s3://lucas-audiotool-tracks/mp3/7d/18/mn849vlox.7d188422.mp3,https://lucas-audiotool-tracks.s3.amazonaws.com/mp3/7d/18/mn849vlox.7d188422.mp3,True,0.1% remixes
tracks/detroit-fknaulzvt,top_0_1pct_parent_remixes__detroit-fknaulzvt,s3://lucas-audiotool-tracks/mp3/45/33/detroit-fknaulzvt.45330c36.mp3,https://lucas-audiotool-tracks.s3.amazonaws.com/mp3/45/33/detroit-fknaulzvt.45330c36.mp3,True,0.1% remixes
tracks/z5mc3q3q,top_0_1pct_parent_remixes__z5mc3q3q,s3://lucas-audiotool-tracks/mp3/bc/a7/z5mc3q3q.bca74d55.mp3,https://lucas-audiotool-tracks.s3.amazonaws.com/mp3/bc/a7/z5mc3q3q.bca74d55.mp3,True,0.1% remixes
tracks/catch_me__tom_-wef95,top_0_1pct_parent_remixes__catch_me__tom_-wef95,s3://lucas-audiotool-tracks/mp3/ac/c4/catch_me__tom_-wef95.acc4d7d9.mp3,https://lucas-audiotool-tracks.s3.amazonaws.com/mp3/ac/c4/catch_me__tom_-wef95.acc4d7d9.mp3,True,0.1% remixes
tracks/nyan_cat_xxzeroxx_remix,top_0_1pct_parent_remixes__nyan_cat_xxzeroxx_remix,s3://lucas-audiotool-tracks/mp3/a6/ec/nyan_cat_xxzeroxx_remix.a6ec9ff1.mp3,https://lucas-audiotool-tracks.s3.amazonaws.com/mp3/a6/ec/nyan_cat_xxzeroxx_remix.a6ec9ff1.mp3,True,0.1% remixes
tracks/compulsion_ft_toki_extended,top_0_1pct_parent_remixes__compulsion_ft_toki_extended,s3://lucas-audiotool-tracks/mp3/09/8d/compulsion_ft_toki_extended.098d7fc9.mp3,https://lucas-audiotool-tracks.s3.amazonaws.com/mp3/09/8d/compulsion_ft_toki_extended.098d7fc9.mp3,True,0.1% remixes
tracks/luxior_trying_to_be_luxior_edit_2_-_-_-_-_-_-,top_0_1pct_parent_remixes__luxior_trying_to_be_luxior_edit_2_-_-_-_-_-_-,s3://lucas-audiotool-tracks/mp3/c6/1d/luxior_trying_to_be_luxior_edit_2_-_-_-_-_-_-.c61d4af3.mp3,https://lucas-audiotool-tracks.s3.amazonaws.com/mp3/c6/1d/luxior_trying_to_be_luxior_edit_2_-_-_-_-_-_-.c61d4af3.mp3,True,0.1% remixes
tracks/dnb__trance-rx0v1,top_0_1pct_parent_remixes__dnb__trance-rx0v1,s3://lucas-audiotool-tracks/mp3/6e/89/dnb__trance-rx0v1.6e89bb57.mp3,https://lucas-audiotool-tracks.s3.amazonaws.com/mp3/6e/89/dnb__trance-rx0v1.6e89bb57.mp3,True,0.1% remixes
tracks/deejay_rafaele_-_techno_drums,top_0_1pct_parent_remixes__deejay_rafaele_-_techno_drums,s3://lucas-audiotool-tracks/mp3/64/d9/deejay_rafaele_-_techno_drums.64d9c2bd.mp3,https://lucas-audiotool-tracks.s3.amazonaws.com/mp3/64/d9/deejay_rafaele_-_techno_drums.64d9c2bd.mp3,True,0.1% remixes
tracks/knuckles_exeron_shuffle,top_0_1pct_parent_remixes__knuckles_exeron_shuffle,s3://lucas-audiotool-tracks/mp3/c4/b4/knuckles_exeron_shuffle.c4b4fbf4.mp3,https://lucas-audiotool-tracks.s3.amazonaws.com/mp3/c4/b4/knuckles_exeron_shuffle.c4b4fbf4.mp3,True,0.1% remixes
tracks/untitled2-7nzsw,top_0_1pct_parent_remixes__untitled2-7nzsw,s3://lucas-audiotool-tracks/mp3/d9/42/untitled2-7nzsw.d942b3ed.mp3,https://lucas-audiotool-tracks.s3.amazonaws.com/mp3/d9/42/untitled2-7nzsw.d942b3ed.mp3,True,0.1% remixes
tracks/bored_af-lv0csapm,top_0_1pct_parent_remixes__bored_af-lv0csapm,s3://lucas-audiotool-tracks/mp3/fb/1e/bored_af-lv0csapm.fb1eed9c.mp3,https://lucas-audiotool-tracks.s3.amazonaws.com/mp3/fb/1e/bored_af-lv0csapm.fb1eed9c.mp3,True,0.1% remixes
tracks/3j4ckme231,top_0_1pct_parent_remixes__3j4ckme231,s3://lucas-audiotool-tracks/mp3/23/16/3j4ckme231.23164d93.mp3,https://lucas-audiotool-tracks.s3.amazonaws.com/mp3/23/16/3j4ckme231.23164d93.mp3,True,0.1% remixes
tracks/skyin_the_house,top_0_1pct_parent_remixes__skyin_the_house,s3://lucas-audiotool-tracks/mp3/bc/a9/skyin_the_house.bca95243.mp3,https://lucas-audiotool-tracks.s3.amazonaws.com/mp3/bc/a9/skyin_the_house.bca95243.mp3,True,0.1% remixes
tracks/dj_xero_-_fun_for_techno,top_0_1pct_parent_remixes__dj_xero_-_fun_for_techno,s3://lucas-audiotool-tracks/mp3/0e/e1/dj_xero_-_fun_for_techno.0ee1436f.mp3,https://lucas-audiotool-tracks.s3.amazonaws.com/mp3/0e/e1/dj_xero_-_fun_for_techno.0ee1436f.mp3,True,0.1% remixes
tracks/first_track_m_sspelled_remix,top_0_1pct_parent_remixes__first_track_m_sspelled_remix,s3://lucas-audiotool-tracks/mp3/c4/71/first_track_m_sspelled_remix.c471a985.mp3,https://lucas-audiotool-tracks.s3.amazonaws.com/mp3/c4/71/first_track_m_sspelled_remix.c471a985.mp3,True,0.1% remixes
tracks/46uhfscvc,top_0_1pct_parent_remixes__46uhfscvc,s3://lucas-audiotool-tracks/mp3/b0/f7/46uhfscvc.b0f7d6c1.mp3,https://lucas-audiotool-tracks.s3.amazonaws.com/mp3/b0/f7/46uhfscvc.b0f7d6c1.mp3,True,0.1% remixes
tracks/first-ckhvey,top_0_1pct_parent_remixes__first-ckhvey,s3://lucas-audiotool-tracks/mp3/d9/f4/first-ckhvey.d9f47462.mp3,https://lucas-audiotool-tracks.s3.amazonaws.com/mp3/d9/f4/first-ckhvey.d9f47462.mp3,True,0.1% remixes
tracks/beginning_to_a_lifetime_dg3_remix,top_0_1pct_parent_remixes__beginning_to_a_lifetime_dg3_remix,s3://lucas-audiotool-tracks/mp3/6e/55/beginning_to_a_lifetime_dg3_remix.6e551be9.mp3,https://lucas-audiotool-tracks.s3.amazonaws.com/mp3/6e/55/beginning_to_a_lifetime_dg3_remix.6e551be9.mp3,True,0.1% remixes
tracks/clicky_clicky_pack_pack,top_0_1pct_parent_remixes__clicky_clicky_pack_pack,s3://lucas-audiotool-tracks/mp3/f0/ea/clicky_clicky_pack_pack.f0ea688f.mp3,https://lucas-audiotool-tracks.s3.amazonaws.com/mp3/f0/ea/clicky_clicky_pack_pack.f0ea688f.mp3,True,0.1% remixes
tracks/galactipos_by_ratataper21_dante_mcnichol,top_0_1pct_parent_remixes__galactipos_by_ratataper21_dante_mcnichol,s3://lucas-audiotool-tracks/mp3/1d/39/galactipos_by_ratataper21_dante_mcnichol.1d39fbe6.mp3,https://lucas-audiotool-tracks.s3.amazonaws.com/mp3/1d/39/galactipos_by_ratataper21_dante_mcnichol.1d39fbe6.mp3,True,0.1% remixes
tracks/turntablelab_mix,top_0_1pct_parent_remixes__turntablelab_mix,s3://lucas-audiotool-tracks/mp3/51/9a/turntablelab_mix.519afe15.mp3,https://lucas-audiotool-tracks.s3.amazonaws.com/mp3/51/9a/turntablelab_mix.519afe15.mp3,True,0.1% remixes
tracks/j6rk6qfi,top_0_1pct_parent_remixes__j6rk6qfi,s3://lucas-audiotool-tracks/mp3/1a/27/j6rk6qfi.1a27d8e6.mp3,https://lucas-audiotool-tracks.s3.amazonaws.com/mp3/1a/27/j6rk6qfi.1a27d8e6.mp3,True,0.1% remixes
tracks/it_s_alive_back2roots_hard_mix,top_0_1pct_parent_remixes__it_s_alive_back2roots_hard_mix,s3://lucas-audiotool-tracks/mp3/e5/f7/it_s_alive_back2roots_hard_mix.e5f72327.mp3,https://lucas-audiotool-tracks.s3.amazonaws.com/mp3/e5/f7/it_s_alive_back2roots_hard_mix.e5f72327.mp3,True,0.1% remixes
tracks/iubetssqofp,top_0_1pct_parent_remixes__iubetssqofp,s3://lucas-audiotool-tracks/mp3/b3/e8/iubetssqofp.b3e85121.mp3,https://lucas-audiotool-tracks.s3.amazonaws.com/mp3/b3/e8/iubetssqofp.b3e85121.mp3,True,0.1% remixes
tracks/b8vqfo0hkmo,top_0_1pct_parent_remixes__b8vqfo0hkmo,s3://lucas-audiotool-tracks/mp3/94/45/b8vqfo0hkmo.9445432c.mp3,https://lucas-audiotool-tracks.s3.amazonaws.com/mp3/94/45/b8vqfo0hkmo.9445432c.mp3,True,0.1% remixes
tracks/sackgesicht-oiwo9ey,top_0_1pct_parent_remixes__sackgesicht-oiwo9ey,s3://lucas-audiotool-tracks/mp3/83/3d/sackgesicht-oiwo9ey.833d72d9.mp3,https://lucas-audiotool-tracks.s3.amazonaws.com/mp3/83/3d/sackgesicht-oiwo9ey.833d72d9.mp3,True,0.1% remixes
tracks/electrodrum-827jt,top_0_1pct_parent_remixes__electrodrum-827jt,s3://lucas-audiotool-tracks/mp3/6d/e9/electrodrum-827jt.6de9f227.mp3,https://lucas-audiotool-tracks.s3.amazonaws.com/mp3/6d/e9/electrodrum-827jt.6de9f227.mp3,True,0.1% remixes
tracks/eob544e2,top_0_1pct_parent_remixes__eob544e2,s3://lucas-audiotool-tracks/mp3/f8/50/eob544e2.f85018e7.mp3,https://lucas-audiotool-tracks.s3.amazonaws.com/mp3/f8/50/eob544e2.f85018e7.mp3,True,0.1% remixes
tracks/computer_friend_slimslender_remix,top_0_1pct_parent_remixes__computer_friend_slimslender_remix,s3://lucas-audiotool-tracks/mp3/b5/b6/computer_friend_slimslender_remix.b5b621b7.mp3,https://lucas-audiotool-tracks.s3.amazonaws.com/mp3/b5/b6/computer_friend_slimslender_remix.b5b621b7.mp3,True,0.1% remixes
tracks/fiat_luxfr_fix,top_0_1pct_parent_remixes__fiat_luxfr_fix,s3://lucas-audiotool-tracks/mp3/c3/3a/fiat_luxfr_fix.c33a32ca.mp3,https://lucas-audiotool-tracks.s3.amazonaws.com/mp3/c3/3a/fiat_luxfr_fix.c33a32ca.mp3,True,0.1% remixes
tracks/circkbmo3zi,top_0_1pct_parent_remixes__circkbmo3zi,s3://lucas-audiotool-tracks/mp3/86/a6/circkbmo3zi.86a6ac76.mp3,https://lucas-audiotool-tracks.s3.amazonaws.com/mp3/86/a6/circkbmo3zi.86a6ac76.mp3,True,0.1% remixes
tracks/terrun-wzmsg,top_0_1pct_parent_remixes__terrun-wzmsg,s3://lucas-audiotool-tracks/mp3/65/b1/terrun-wzmsg.65b1ee6a.mp3,https://lucas-audiotool-tracks.s3.amazonaws.com/mp3/65/b1/terrun-wzmsg.65b1ee6a.mp3,True,0.1% remixes
tracks/se02-a77xr,top_0_1pct_parent_remixes__se02-a77xr,s3://lucas-audiotool-tracks/mp3/bb/09/se02-a77xr.bb09209e.mp3,https://lucas-audiotool-tracks.s3.amazonaws.com/mp3/bb/09/se02-a77xr.bb09209e.mp3,True,0.1% remixes
tracks/loop_onedotone,top_0_1pct_parent_remixes__loop_onedotone,s3://lucas-audiotool-tracks/mp3/56/00/loop_onedotone.56005d94.mp3,https://lucas-audiotool-tracks.s3.amazonaws.com/mp3/56/00/loop_onedotone.56005d94.mp3,True,0.1% remixes
tracks/exposed_reactor_mix,top_0_1pct_parent_remixes__exposed_reactor_mix,s3://lucas-audiotool-tracks/mp3/5b/b2/exposed_reactor_mix.5bb24876.mp3,https://lucas-audiotool-tracks.s3.amazonaws.com/mp3/5b/b2/exposed_reactor_mix.5bb24876.mp3,True,0.1% remixes
tracks/mario_2_0,top_0_1pct_parent_remixes__mario_2_0,s3://lucas-audiotool-tracks/mp3/05/05/mario_2_0.0505d59e.mp3,https://lucas-audiotool-tracks.s3.amazonaws.com/mp3/05/05/mario_2_0.0505d59e.mp3,True,0.1% remixes
tracks/-acob-,top_0_1pct_parent_remixes__-acob-,s3://lucas-audiotool-tracks/mp3/bc/6a/-acob-.bc6a0d49.mp3,https://lucas-audiotool-tracks.s3.amazonaws.com/mp3/bc/6a/-acob-.bc6a0d49.mp3,True,0.1% remixes
tracks/3aw5du9qbhmu,top_0_1pct_parent_remixes__3aw5du9qbhmu,s3://lucas-audiotool-tracks/mp3/d6/50/3aw5du9qbhmu.d65046ff.mp3,https://lucas-audiotool-tracks.s3.amazonaws.com/mp3/d6/50/3aw5du9qbhmu.d65046ff.mp3,True,0.1% remixes
tracks/hh5knl4m20w,top_0_1pct_parent_remixes__hh5knl4m20w,s3://lucas-audiotool-tracks/mp3/ae/dd/hh5knl4m20w.aedd85f7.mp3,https://lucas-audiotool-tracks.s3.amazonaws.com/mp3/ae/dd/hh5knl4m20w.aedd85f7.mp3,True,0.1% remixes
tracks/lhrr4bx22k,top_0_1pct_parent_remixes__lhrr4bx22k,s3://lucas-audiotool-tracks/mp3/cd/fd/lhrr4bx22k.cdfd5a5b.mp3,https://lucas-audiotool-tracks.s3.amazonaws.com/mp3/cd/fd/lhrr4bx22k.cdfd5a5b.mp3,True,0.1% remixes
tracks/another_life_killz3n_remix,top_0_1pct_parent_remixes__another_life_killz3n_remix,s3://lucas-audiotool-tracks/mp3/76/6d/another_life_killz3n_remix.766d5dfc.mp3,https://lucas-audiotool-tracks.s3.amazonaws.com/mp3/76/6d/another_life_killz3n_remix.766d5dfc.mp3,True,0.1% remixes
tracks/welcome_to_the_infinite-5kbea,top_0_1pct_parent_remixes__welcome_to_the_infinite-5kbea,s3://lucas-audiotool-tracks/mp3/2f/c8/welcome_to_the_infinite-5kbea.2fc82a55.mp3,https://lucas-audiotool-tracks.s3.amazonaws.com/mp3/2f/c8/welcome_to_the_infinite-5kbea.2fc82a55.mp3,True,0.1% remixes
tracks/j06yoapep1,top_0_1pct_parent_remixes__j06yoapep1,s3://lucas-audiotool-tracks/mp3/f1/c6/j06yoapep1.f1c60a07.mp3,https://lucas-audiotool-tracks.s3.amazonaws.com/mp3/f1/c6/j06yoapep1.f1c60a07.mp3,True,0.1% remixes
tracks/hare_and_hounds,top_0_1pct_parent_remixes__hare_and_hounds,s3://lucas-audiotool-tracks/mp3/eb/f9/hare_and_hounds.ebf9808d.mp3,https://lucas-audiotool-tracks.s3.amazonaws.com/mp3/eb/f9/hare_and_hounds.ebf9808d.mp3,True,0.1% remixes
tracks/u94h3asvi,top_0_1pct_parent_remixes__u94h3asvi,s3://lucas-audiotool-tracks/mp3/7e/3c/u94h3asvi.7e3c0a27.mp3,https://lucas-audiotool-tracks.s3.amazonaws.com/mp3/7e/3c/u94h3asvi.7e3c0a27.mp3,True,0.1% remixes
tracks/everyday_anyone_remix,top_0_1pct_parent_remixes__everyday_anyone_remix,s3://lucas-audiotool-tracks/mp3/c0/42/everyday_anyone_remix.c0421ebc.mp3,https://lucas-audiotool-tracks.s3.amazonaws.com/mp3/c0/42/everyday_anyone_remix.c0421ebc.mp3,True,0.1% remixes
tracks/remix_drop_contest_fffffffflux_edit_remix,top_0_1pct_parent_remixes__remix_drop_contest_fffffffflux_edit_remix,s3://lucas-audiotool-tracks/mp3/da/ec/remix_drop_contest_fffffffflux_edit_remix.daec555b.mp3,https://lucas-audiotool-tracks.s3.amazonaws.com/mp3/da/ec/remix_drop_contest_fffffffflux_edit_remix.daec555b.mp3,True,0.1% remixes
